timestamp,Agg Weighted FR,Agg OI
2020-04-01,-0.039072542440491013,696604578.0
2020-04-02,0.006520506340328391,666502015.0
2020-04-03,-0.02153035572654815,683736599.0
2020-04-04,-0.008061851932784173,686517251.0
2020-04-05,0.0016969622172854052,675736709.0
2020-04-06,0.00670108042199323,706986521.0
2020-04-07,-0.013687640051221441,700191709.0
2020-04-08,0.0017424042332939414,693407166.0
2020-04-09,-0.01478239755263674,725358192.0
2020-04-10,-0.05123436945704776,775061444.0
2020-04-11,-0.015477271039591784,790041877.0
2020-04-12,-0.015885093734343124,761380895.0
2020-04-13,-0.0383114458466824,791180243.0
2020-04-14,-0.019153617338791045,795056422.0
2020-04-15,-0.020569484134518614,842488169.0
2020-04-16,0.009981911580157264,775581595.0
2020-04-17,0.005786859710750131,785148680.0
2020-04-18,0.005786859710750131,805167101.0
2020-04-19,0.005786859710750131,791821089.0
2020-04-20,0.005786859710750131,834831027.0
2020-04-21,-0.02205479743588208,841529406.0
2020-04-22,-0.0030515177882575817,867775882.0
2020-04-23,0.00792769831625859,809636915.0
2020-04-24,0.01027380131819023,783366572.0
2020-04-25,-0.006815269765261363,812265824.0
2020-04-26,-0.0054975705403613895,811830156.0
2020-04-27,-0.016154284654280773,796783942.0
2020-04-28,-0.016284253290636777,805656116.0
2020-04-29,0.00799967686097783,829553679.0
2020-04-30,0.009785315980567706,779148076.0
2020-05-01,0.009428053417739155,822138837.0
2020-05-02,0.008353292385906657,857716455.0
2020-05-03,-0.0014319531713842695,873408486.0
2020-05-04,0.004827099841832919,871468548.0
2020-05-05,0.00031168910467947004,888363291.0
2020-05-06,0.009171525232199069,950806178.0
2020-05-07,0.009586238824157019,1042763860.0
2020-05-08,0.008197799939815453,1127289493.0
2020-05-09,0.006076630101011168,1141032603.0
2020-05-10,-0.0001403053769800152,934212794.0
2020-05-11,-0.029624000711048093,884321722.0
2020-05-12,-0.011823451868833592,939840922.0
2020-05-13,-0.002360811933963791,1028621250.0
2020-05-14,0.011458308706724011,1059653413.0
2020-05-15,0.010459607652145889,1049563813.0
2020-05-16,0.008382585979687742,1013996911.0
2020-05-17,0.021826392687914475,1073166594.0
2020-05-18,0.007385139111441756,1093176739.0
2020-05-19,0.010178512081705348,1068861059.0
2020-05-20,0.006312564786673799,1105319056.0
2020-05-21,0.008981535352533168,1082956526.0
2020-05-22,-0.004279484258291112,1098553465.0
2020-05-23,0.002575489275776245,1078083774.0
2020-05-24,0.0031377886248612928,1098245639.0
2020-05-25,-0.010638291257756302,1088742288.0
2020-05-26,-0.005826602110585257,1114450937.0
2020-05-27,0.007239194242425272,1135289583.0
2020-05-28,0.00881341104822529,1146951929.0
2020-05-29,0.0087158006089476,1143695894.0
2020-05-30,0.009749445989508786,1117099115.0
2020-05-31,0.008763821178753023,1109548397.0
2020-06-01,0.010124152938795494,1237507771.0
2020-06-02,0.010559150627336564,1078750147.0
2020-06-03,0.008303911756389969,1046738657.0
2020-06-04,0.00955255119130877,1076180948.0
2020-06-05,0.007562260733839538,1101740259.0
2020-06-06,0.008407380914423876,1105564176.0
2020-06-07,0.0071675295576394005,1118111547.0
2020-06-08,0.007883025585742432,1147502727.0
2020-06-09,0.008700895386582247,1169961128.0
2020-06-10,0.009640641212607609,1171656376.0
2020-06-11,-0.012572691571931414,1196079690.0
2020-06-12,0.006098035914245161,1145031355.0
2020-06-13,-0.008320125880883114,1159290162.0
2020-06-14,0.00967516721162848,1201615019.0
2020-06-15,0.003390817286804508,1178322347.0
2020-06-16,-0.005980673078537046,1164166660.0
2020-06-17,0.009085946090367182,1187151002.0
2020-06-18,0.007071593038006343,1207062974.0
2020-06-19,0.007878213066764112,1175397625.0
2020-06-20,0.007898090862544133,1171311284.0
2020-06-21,0.008789557693289263,1168049017.0
2020-06-22,0.010831844279719923,1224012554.0
2020-06-23,0.007923304277191425,1253145331.0
2020-06-24,-0.000898661425820756,1288098841.0
2020-06-25,0.007466638074139849,1246293836.0
2020-06-26,0.007381686652174699,1300560354.0
2020-06-27,-0.01473205537584783,1324746650.0
2020-06-28,0.007470620530552062,1281583952.0
2020-06-29,0.00726032747793877,1271114189.0
2020-06-30,-0.01579835481505408,1259220047.0
2020-07-01,0.0028069878753211788,1303704878.0
2020-07-02,-0.006780592716078107,1321619352.0
2020-07-03,-0.010806993126165603,1334933617.0
2020-07-04,0.00898057726428554,1284044295.0
2020-07-05,0.005568918895013896,1315030298.0
2020-07-06,0.009167857634842395,1347751281.0
2020-07-07,0.006732447901733695,1320039486.0
2020-07-08,0.008525090614784523,1395595553.0
2020-07-09,0.004685047036809375,1372137401.0
2020-07-10,0.007498018334827766,1361365049.0
2020-07-11,-0.0028558831430605886,1363032572.0
2020-07-12,0.010386484650925074,1359834851.0
2020-07-13,0.008783645179884326,1449468861.0
2020-07-14,0.007726504099104764,1435779958.0
2020-07-15,0.010961836887956981,1486870209.0
2020-07-16,0.006420230049545736,1549868132.0
2020-07-17,-0.012378658179270533,1515583678.0
2020-07-18,0.0016657998269970881,1495828228.0
2020-07-19,0.010666282545972378,1491626108.0
2020-07-20,0.0069737134753382266,1480652049.0
2020-07-21,0.007617765724414274,1572151612.0
2020-07-22,0.0017992786503045234,1589899648.0
2020-07-23,0.001822947112327064,1600617323.0
2020-07-24,0.009406583377567149,1560340422.0
2020-07-25,0.011466775544002798,1642442757.0
2020-07-26,0.01593702886449439,1571578188.0
2020-07-27,0.0392178798184676,1512342338.0
2020-07-28,0.018157343650657267,1474819453.0
2020-07-29,0.018614039440147598,1550842152.0
2020-07-30,0.041149923910112685,1536604987.0
2020-07-31,0.02725724729685427,1623938528.0
2020-08-01,0.07695387918976575,1682095153.0
2020-08-02,0.011125330359418626,1441968378.0
2020-08-03,0.008440545313705585,1446651005.0
2020-08-04,0.008493629739849549,1440189815.0
2020-08-05,0.009360427887025487,1487807195.0
2020-08-06,0.008568894546847375,1546795388.0
2020-08-07,-0.021553764380730683,1544124155.0
2020-08-08,0.012373129369984737,1476124470.0
2020-08-09,0.008136237912785895,1536107621.0
2020-08-10,0.013143155448552407,1568037875.0
2020-08-11,0.008769631633821846,1555917908.0
2020-08-12,0.010019094791522545,1478894350.0
2020-08-13,0.01145422356236333,1494263973.0
2020-08-14,0.010181714854540693,1541649975.0
2020-08-15,0.019170390195570063,1584764827.0
2020-08-16,0.0164691143034043,1594647596.0
2020-08-17,0.0342012569988499,1726293852.0
2020-08-18,0.011824347902981024,1676513464.0
2020-08-19,0.012158288472860478,1586426690.0
2020-08-20,0.007845572838165442,1576454949.0
2020-08-21,0.012960730683216813,1623008704.0
2020-08-22,0.00927012867961626,1550188729.0
2020-08-23,0.010774196166600298,1556054253.0
2020-08-24,0.010510118686083014,1586969558.0
2020-08-25,-0.005653550030391052,1651608923.0
2020-08-26,0.008338645488694965,1544021863.0
2020-08-27,0.00896266591070899,1620920611.0
2020-08-28,0.006907593301387368,1547901658.0
2020-08-29,0.009015471922030524,1553501489.0
2020-08-30,0.011246131479366801,1582142915.0
2020-08-31,0.009561257778940768,1585381808.0
2020-09-01,0.028773528878098937,1663976720.0
2020-09-02,0.008519522318335854,1625716244.0
2020-09-03,-0.02473687069344136,1444952919.0
2020-09-04,-0.021684289772063894,1202658488.0
2020-09-05,-0.011936638756731812,1159675794.0
2020-09-06,-0.001342691204092116,1170775407.0
2020-09-07,0.008331313898370886,1185279546.0
2020-09-08,0.002971560747004158,1210746171.0
2020-09-09,0.007314357356962543,1208512493.0
2020-09-10,-0.014132514997913273,1227586634.0
2020-09-11,0.006917892077665455,1225436651.0
2020-09-12,0.006489313868847594,1232892984.0
2020-09-13,-0.028076871314594593,1262799286.0
2020-09-14,-0.010744924209741812,1294408396.0
2020-09-15,-0.007598146500062356,1235067835.0
2020-09-16,0.003553482615591636,1314625528.0
2020-09-17,-0.007406295531020688,1299683070.0
2020-09-18,-0.022050419954687407,1321767677.0
2020-09-19,-0.0003199383577552611,1320934208.0
2020-09-20,-0.008355146876658313,1293171977.0
2020-09-21,-0.03111489034926423,1260580289.0
2020-09-22,-0.005477067886238804,1215705326.0
2020-09-23,-0.01225615433782067,1219696176.0
2020-09-24,0.009362098375960087,1201403130.0
2020-09-25,-0.008834987681908423,1240575242.0
2020-09-26,-0.006753331278035718,1239401223.0
2020-09-27,0.0036980147590749655,1242989502.0
2020-09-28,0.008596736029090713,1298992960.0
2020-09-29,0.00884330543225593,1263657633.0
2020-09-30,0.00516907751332725,1278055530.0
2020-10-01,-0.001619504756697555,1240421731.0
2020-10-02,-0.00024740256659330903,1204443746.0
2020-10-03,-0.0120338306722765,1202562261.0
2020-10-04,0.006407900960859385,1201375251.0
2020-10-05,-0.012025861800080436,1241412398.0
2020-10-06,-0.009100200962867705,1267990515.0
2020-10-07,0.00063074441584268,1236953765.0
2020-10-08,0.006671093134756689,1271238191.0
2020-10-09,0.007697738010451618,1299985540.0
2020-10-10,0.007026490818001744,1284565130.0
2020-10-11,0.0077214240442263936,1283238437.0
2020-10-12,0.015785382570099152,1329265204.0
2020-10-13,-0.0002669603389879253,1277502061.0
2020-10-14,-0.005078088994346258,1249469363.0
2020-10-15,0.008117227314499008,1270557466.0
2020-10-16,-0.012169513052956287,1254861556.0
2020-10-17,-0.017441315855245238,1239839693.0
2020-10-18,-0.00042829516632501374,1253340123.0
2020-10-19,-0.00537686239981408,1355179500.0
2020-10-20,-0.004341627200153275,1337085193.0
2020-10-21,0.006804206501038462,1336332559.0
2020-10-22,0.009383606115984874,1320562273.0
2020-10-23,0.006222451789140344,1375083635.0
2020-10-24,0.006975474745256073,1422695648.0
2020-10-25,0.008513244938018453,1398606373.0
2020-10-26,-0.0028063623776540484,1422336201.0
2020-10-27,-0.0020240163358699174,1450147840.0
2020-10-28,-0.008122947260079227,1320971386.0
2020-10-29,-0.013974195913534404,1398929760.0
2020-10-30,0.0018748831624523427,1365385963.0
2020-10-31,0.0012826870548422568,1428795432.0
2020-11-01,0.004344907212415013,1406313148.0
2020-11-02,0.00684837997089171,1389906681.0
2020-11-03,-0.009336025401816913,1359442145.0
2020-11-04,0.01392979608719896,1361843366.0
2020-11-05,0.010753229696464684,1414873180.0
2020-11-06,0.03281405620359091,1446427560.0
2020-11-07,0.03794715222270055,1342792729.0
2020-11-08,0.03264243048526277,1439280795.0
2020-11-09,0.0045939029963452255,1432282569.0
2020-11-10,0.006774516575209164,1431932124.0
2020-11-11,0.01152690961993196,1554184044.0
2020-11-12,0.008703161914710322,1613535591.0
2020-11-13,0.006695600969134265,1623315840.0
2020-11-14,-0.002234382266261608,1572687793.0
2020-11-15,0.009459614522775339,1569053688.0
2020-11-16,0.03210963930353874,1714906340.0
2020-11-17,0.006762193264659674,1683851910.0
2020-11-18,0.011784450871637,1636179577.0
2020-11-19,0.026499065689098572,1759099172.0
2020-11-20,0.03604883137006375,1902043937.0
2020-11-21,0.030824055737071712,1926314899.0
2020-11-22,0.0738077929029078,1966372647.0
2020-11-23,0.0989391223509496,2046408121.0
2020-11-24,0.0693346679893888,1848553500.0
2020-11-25,0.03807181701399885,1877667020.0
2020-11-26,0.019488794959378553,1519170781.0
2020-11-27,0.012493034495297895,1507236474.0
2020-11-28,0.007936959113220819,1593477097.0
2020-11-29,0.011902846332152361,1649615740.0
2020-11-30,0.06088747664949517,1787923542.0
2020-12-01,0.03239759539293162,1792579706.0
2020-12-02,0.015874334435071913,1683145608.0
2020-12-03,0.02956451547963147,1766450302.0
2020-12-04,0.00935368111417893,1717464597.0
2020-12-05,0.011240890003937225,1732603791.0
2020-12-06,0.010287631502861293,1731617143.0
2020-12-07,0.0110301349429269,1798965859.0
2020-12-08,0.006235205807326762,1842904310.0
2020-12-09,0.004853357693395434,1814699037.0
2020-12-10,0.013697546863741103,1805590625.0
2020-12-11,0.007444109121751153,1783035592.0
2020-12-12,0.008578837031548601,1749715484.0
2020-12-13,0.027783964139874422,1814996103.0
2020-12-14,0.012954947065859123,1803910078.0
2020-12-15,0.006081621705972671,1830920212.0
2020-12-16,0.033673557539013764,1898207650.0
2020-12-17,0.04126791333606301,1851249058.0
2020-12-18,0.05811337653710912,1908269621.0
2020-12-19,0.05357533140276826,2036262024.0
2020-12-20,0.05453707072150606,2021774523.0
2020-12-21,0.0072138355557316465,1924582634.0
2020-12-22,0.026407024899405867,2000018768.0
2020-12-23,0.025686008925899617,1938035360.0
2020-12-24,0.017179182452485748,1935399352.0
2020-12-25,0.08399554985963029,2095925196.0
2020-12-26,0.05724959625122612,2262461478.0
2020-12-27,0.08001177042492282,2320789456.0
2020-12-28,0.0793488406787158,2319141386.0
2020-12-29,0.02871657342132311,2256357582.0
2020-12-30,0.05581369155527204,2371504008.0
2020-12-31,0.007351664693443691,2356231981.0
2021-01-01,0.008325142120505797,2371743117.0
2021-01-02,0.07031961651136873,2466649072.0
2021-01-03,0.07685399211965262,2485353100.0
2021-01-04,0.02726014572524484,2317206365.0
2021-01-05,0.02916181076664833,2164651197.0
2021-01-06,0.07979973081249761,2544112914.0
2021-01-07,0.08612236977985996,2642044363.0
2021-01-08,0.11020146927505967,2724559411.0
2021-01-09,0.02261056641223162,2801592653.0
2021-01-10,0.030974786156093403,2892458801.0
2021-01-11,0.11619950713498164,2474879757.0
2021-01-12,0.06757649708015022,2428576044.0
2021-01-13,0.057308106833857925,2330314364.0
2021-01-14,0.08661138016434218,2826224810.0
2021-01-15,0.055838576796020355,2772343893.0
2021-01-16,0.05438827278312499,2543811931.0
2021-01-17,0.015908094287604847,2497602400.0
2021-01-18,0.10219638524224783,2564966032.0
2021-01-19,0.09578673435613819,2721194129.0
2021-01-20,0.00846537080281321,2485808422.0
2021-01-21,0.007478874262191732,2437092911.0
2021-01-22,0.0047848432958646865,2295341708.0
2021-01-23,0.006066271363985258,2207577641.0
2021-01-24,0.01425113746921454,2249276069.0
2021-01-25,0.045611808201040965,2350226242.0
2021-01-26,0.005491306607695651,2290191225.0
2021-01-27,-0.007331067574735959,2248605393.0
2021-01-28,0.005114320410495631,2291319811.0
2021-01-29,0.1514216960470761,2501840994.0
2021-01-30,0.01029907532216507,2388459326.0
2021-01-31,0.024320834866106703,2409592109.0
2021-02-01,0.06529479927594699,2321182825.0
2021-02-02,0.08758664060983747,2525926629.0
2021-02-03,0.07651108329519127,2587687055.0
2021-02-04,0.03528777236612817,2577175141.0
2021-02-05,0.07934951141132196,2833446910.0
2021-02-06,0.09627013404174797,2993227337.0
2021-02-07,0.10574930649876234,3039623238.0
2021-02-08,0.1940037897794917,3371883356.0
2021-02-09,0.15461602284236053,3418144952.0
2021-02-10,0.11175325035989364,3484546871.0
2021-02-11,0.14179719960157233,3737547288.0
2021-02-12,0.09460322781093464,3641168164.0
2021-02-13,0.07874032312310003,3717976878.0
2021-02-14,0.23091578746950644,4036818135.0
2021-02-15,0.10632128839157927,3910237085.0
2021-02-16,0.16117097862276483,4050932595.0
2021-02-17,0.2424422040905349,4498210353.0
2021-02-18,0.1481440873128431,4371168282.0
2021-02-19,0.14081478538630568,4299282985.0
2021-02-20,0.09005668836588264,4130602519.0
2021-02-21,0.14627727414971717,4482397294.0
2021-02-22,0.09945974431210905,3844330511.0
2021-02-23,0.034928897076683445,3599950443.0
2021-02-24,0.010768653137022131,3628712478.0
2021-02-25,0.027337673012172267,3702089521.0
2021-02-26,0.011784747212358766,3517466356.0
2021-02-27,0.007678201815596284,3537326344.0
2021-02-28,0.020897390806202457,3598833670.0
2021-03-01,0.007478125558130683,3851871765.0
2021-03-02,0.008993763668066332,3754162702.0
2021-03-03,0.0589771441545445,4075195934.0
2021-03-04,0.022925194780075264,4063695744.0
2021-03-05,0.008733588756254074,3815063168.0
2021-03-06,0.010447265930932995,3763566794.0
2021-03-07,0.07436924649519472,4109516109.0
2021-03-08,0.05385564148489352,4371489507.0
2021-03-09,0.11755052298456792,5130837430.0
2021-03-10,0.1644059178486381,5429393830.0
2021-03-11,0.12632041439532135,5687522973.0
2021-03-12,0.055410001656869184,5744083397.0
2021-03-13,0.22330118745116956,6218499309.0
2021-03-14,0.10426230097918326,6175978674.0
2021-03-15,-0.0012844656913293005,5785099738.0
2021-03-16,0.02505688215414697,5066327561.0
2021-03-17,0.01016175661457008,5233234164.0
2021-03-18,0.059069190962748715,5389347277.0
2021-03-19,0.020797835366328756,5467227383.0
2021-03-20,0.07694528077111898,5569438639.0
2021-03-21,0.011797715180818017,5576549386.0
2021-03-22,0.03320632230301733,5418008786.0
2021-03-23,0.016047321020805323,5259792471.0
2021-03-24,0.0315522175585695,5120161933.0
2021-03-25,0.012789320838747563,4907883285.0
2021-03-26,0.008036117168069196,4808216211.0
2021-03-27,0.011005660591969387,4882384507.0
2021-03-28,0.017123393999638095,4917571031.0
2021-03-29,0.08546377517206806,5351110619.0
2021-03-30,0.12780656116426117,5861461872.0
2021-03-31,0.11008074755470897,5768616797.0
2021-04-01,0.08091853425159473,5807400183.0
2021-04-02,0.09836780934930146,6128928618.0
2021-04-03,0.11516409469625812,6153556140.0
2021-04-04,0.03960885781953937,6151722588.0
2021-04-05,0.08150499760358125,6271096347.0
2021-04-06,0.0979052452362859,6282363936.0
2021-04-07,0.026176397532924278,6112292715.0
2021-04-08,0.03562329776235034,5806745210.0
2021-04-09,0.02696807630451337,5839487822.0
2021-04-10,0.20828826439823203,6251154327.0
2021-04-11,0.11461266980574657,6052234540.0
2021-04-12,0.10874991445976945,6425478927.0
2021-04-13,0.13786216845508778,6936440933.0
2021-04-14,0.09461526893369505,6955728090.0
2021-04-15,0.06419366476549603,6917842083.0
2021-04-16,0.07747417019573812,6870640336.0
2021-04-17,0.03629308160297778,6954360023.0
2021-04-18,-0.029378746490382256,5477608061.0
2021-04-19,0.0009959553722617546,5276970043.0
2021-04-20,0.014696858984792028,5331298897.0
2021-04-21,0.008793111685393403,5398235644.0
2021-04-22,0.01924228435809451,5166141228.0
2021-04-23,0.012451708072625713,4852071021.0
2021-04-24,0.009984172117024848,4816964853.0
2021-04-25,0.010132964329623224,4889335891.0
2021-04-26,-0.002192501993309552,4492461049.0
2021-04-27,-0.0007109485055985499,4617781898.0
2021-04-28,0.0072912769906542385,4490459195.0
2021-04-29,0.009085222923387114,4592447820.0
2021-04-30,0.005212217694357788,4721558629.0
2021-05-01,0.007857355924559172,4783341508.0
2021-05-02,0.024894377327945152,4866389801.0
2021-05-03,0.03853723942861993,4863458761.0
2021-05-04,0.007852882919792092,4782042216.0
2021-05-05,0.01618915620422995,4666139261.0
2021-05-06,0.02291096244121358,4724688476.0
2021-05-07,0.013112572044040021,4615956535.0
2021-05-08,0.028206074905259775,4729310062.0
2021-05-09,0.040197432088599466,4710242482.0
2021-05-10,0.050487418783696794,4997787157.0
2021-05-11,0.010930661404084545,4766548461.0
2021-05-12,0.01324915024098516,4997801431.0
2021-05-13,-0.04478856739491525,4407649717.0
2021-05-14,0.016833206704063755,4335686318.0
2021-05-15,0.010866847196979848,4519788973.0
2021-05-16,0.013631302660096037,4447141424.0
2021-05-17,0.014909106467437386,4095132343.0
2021-05-18,0.00709677205214525,4048476770.0
2021-05-19,-0.01591386017655448,2627308341.0
2021-05-20,-0.015410759502726934,2523381942.0
2021-05-21,-0.0066139529193446935,2556067554.0
2021-05-22,0.0032306671676312357,2407951546.0
2021-05-23,-0.004348150775992215,2373889938.0
2021-05-24,-0.0013667885139946804,2421606901.0
2021-05-25,-0.0004755514636563573,2396303503.0
2021-05-26,0.015935180531843316,2416224331.0
2021-05-27,-0.012989515020482022,2476537407.0
2021-05-28,-0.005959638015272072,2553023666.0
2021-05-29,0.005094717271700433,2472083056.0
2021-05-30,0.010567325567129594,2367516526.0
2021-05-31,0.011487994845359156,2387328369.0
2021-06-01,0.006191133769889242,2382761977.0
2021-06-02,0.009833302053248717,2456368053.0
2021-06-03,-0.004239890609763936,2641947541.0
2021-06-04,-0.00650200229240611,2589083349.0
2021-06-05,-0.005499703599706165,2569113105.0
2021-06-06,0.008137143102711674,2590404688.0
2021-06-07,0.001540047169586111,2668517527.0
2021-06-08,0.009031628492871507,2610801585.0
2021-06-09,-0.0328709870204909,2661917354.0
2021-06-10,0.0030611493951486156,2505103931.0
2021-06-11,0.00804038751091273,2555569276.0
2021-06-12,-0.02151827637623264,2460550819.0
2021-06-13,0.0033428873578423947,2468417549.0
2021-06-14,0.00555030917058675,2730996525.0
2021-06-15,0.008780010536570843,2670640881.0
2021-06-16,-0.004102333135399847,2596046202.0
2021-06-17,-0.00983786665178422,2676663936.0
2021-06-18,-0.00535279765956314,2594036158.0
2021-06-19,-0.007405759806763857,2509898692.0
2021-06-20,-0.035742469520677174,2561845611.0
2021-06-21,-0.03416725497748954,2380064150.0
2021-06-22,-0.058763919255581026,2312198803.0
2021-06-23,-0.021652121772485024,2243310854.0
2021-06-24,-0.014764845127393263,2258431801.0
2021-06-25,-0.006321188003901014,2325742759.0
2021-06-26,-0.04298085797122367,2259425044.0
2021-06-27,-0.02617195883324905,2281506762.0
2021-06-28,0.008433101383508444,2225639984.0
2021-06-29,-0.019381832605317877,2422200319.0
2021-06-30,-0.02169647339764902,2311984430.0
2021-07-01,-0.02390402262483601,2348033917.0
2021-07-02,-0.008317135663490195,2406575115.0
2021-07-03,-0.007408366344735262,2329602076.0
2021-07-04,-0.00046287257469859,2340857953.0
2021-07-05,-0.0360914633983256,2327635154.0
2021-07-06,-0.00869700332872896,2369506950.0
2021-07-07,0.009659815181317245,2279315797.0
2021-07-08,-0.024413152183718756,2323925010.0
2021-07-09,0.001860589710485906,2270596989.0
2021-07-10,0.0010430725002059157,2300304215.0
2021-07-11,-0.00027200790948022475,2356242527.0
2021-07-12,0.007785446843231031,2390732753.0
2021-07-13,-0.005108053751446748,2385457540.0
2021-07-14,-0.0221778968783285,2319268801.0
2021-07-15,0.004277480614546649,2492893722.0
2021-07-16,0.0026149558727782823,2318429469.0
2021-07-17,-0.018702915301355816,2363394304.0
2021-07-18,0.002732044949902355,2359107901.0
2021-07-19,0.00402496076257359,2485307361.0
2021-07-20,-0.004907847419328235,2421992713.0
2021-07-21,-0.0015268082887677256,2351735264.0
2021-07-22,-0.009083810282291167,2370004560.0
2021-07-23,-0.005245339780078582,2468517429.0
2021-07-24,-0.02614150633802713,2525935872.0
2021-07-25,-0.023255632209293893,2606554170.0
2021-07-26,0.010915985098250732,2362408072.0
2021-07-27,-0.019157929498893556,2471063426.0
2021-07-28,0.007365784328912971,2476579053.0
2021-07-29,0.004322927817902205,2533841837.0
2021-07-30,0.006426812585612653,2553003201.0
2021-07-31,0.008231708800252329,2540556131.0
2021-08-01,0.00810551247706439,2521662533.0
2021-08-02,0.0028570910237803184,2453036680.0
2021-08-03,-0.0003682491226934413,2456575335.0
2021-08-04,0.007627288956317011,2487400538.0
2021-08-05,0.007991962425870032,2449258600.0
2021-08-06,0.012535322560955669,2644416168.0
2021-08-07,-0.001668619589575997,2805613638.0
2021-08-08,0.009548867016845052,2710058261.0
2021-08-09,0.018591763176307157,2782182060.0
2021-08-10,0.0022296019050278637,2875839983.0
2021-08-11,0.009559986395646104,2877115744.0
2021-08-12,0.00702652052708319,2909531001.0
2021-08-13,0.009541629415939345,2910215098.0
2021-08-14,0.0032651299036074344,2956232768.0
2021-08-15,0.003882090376740771,2900086968.0
2021-08-16,0.010176750182476622,2979080371.0
2021-08-17,0.007090892601021008,2929308261.0
2021-08-18,0.01153429451164457,2829564762.0
2021-08-19,0.007403679198500909,2991776148.0
2021-08-20,0.02096009247902001,3216486665.0
2021-08-21,0.008877473097533293,3219512326.0
2021-08-22,0.007742617275518436,3245490789.0
2021-08-23,0.012719880896183824,3379364989.0
2021-08-24,0.007099577722107856,3475566067.0
2021-08-25,0.0074797406901478914,3337709073.0
2021-08-26,0.007194262571603693,3267494552.0
2021-08-27,0.006906972389770101,3224384164.0
2021-08-28,0.010107376057527111,3320194391.0
2021-08-29,0.005255902905720101,3257141137.0
2021-08-30,0.006559069449363332,3343442884.0
2021-08-31,0.00597558377420686,3432308817.0
2021-09-01,0.00979155463106502,3489532459.0
2021-09-02,0.02683670620040084,3631161987.0
2021-09-03,0.0160597178374326,3649284105.0
2021-09-04,0.00800453328005908,3575697482.0
2021-09-05,0.012871368543568639,3797012930.0
2021-09-06,0.01596283296663836,3835448616.0
2021-09-07,0.01282727480044479,2889768872.0
2021-09-08,0.00876167148304198,2775285763.0
2021-09-09,0.0075220268325509754,2811993610.0
2021-09-10,0.007343016557277459,2829888782.0
2021-09-11,0.008841540537742606,2833985356.0
2021-09-12,0.007904654387560323,2824606663.0
2021-09-13,0.0018404782945848114,2920522342.0
2021-09-14,0.008986718297086492,2918172304.0
2021-09-15,-0.007897130676458551,3066412672.0
2021-09-16,0.009946424177183241,2982088335.0
2021-09-17,0.009179257589370085,3007640782.0
2021-09-18,0.010082235629472684,3054729369.0
2021-09-19,-0.010488154060491214,3011737091.0
2021-09-20,0.0013211285434781002,2863244031.0
2021-09-21,0.003610249275421075,2564059466.0
2021-09-22,-0.028099466219474758,2809214430.0
2021-09-23,-0.010933213898067267,2701952318.0
2021-09-24,-0.01768169849155908,2673419418.0
2021-09-25,-0.004656538957692054,2687919652.0
2021-09-26,0.005690627629839064,2645007676.0
2021-09-27,0.0070367995147186235,2712866188.0
2021-09-28,0.002173002271595906,2652258833.0
2021-09-29,0.004218742605357153,2746455114.0
2021-09-30,0.007345400708164046,2681099107.0
2021-10-01,0.009127916279588796,2749858569.0
2021-10-02,0.0021738813900608568,2769357408.0
2021-10-03,0.008735797964420138,2838989631.0
2021-10-04,0.009739881963153604,2907426252.0
2021-10-05,0.007323109756420335,3031541038.0
2021-10-06,0.011577071788514762,2943534418.0
2021-10-07,0.024025124846451258,3037116225.0
2021-10-08,0.008655543946593878,3059250561.0
2021-10-09,0.02405328342895925,3066051044.0
2021-10-10,0.009375952820063526,3147172422.0
2021-10-11,0.015330281666191915,3278859535.0
2021-10-12,0.010811725358279827,3291558732.0
2021-10-13,0.01455367642837118,3341234116.0
2021-10-14,0.010158429493869565,3313534778.0
2021-10-15,0.01953388829618207,3604909591.0
2021-10-16,0.032771710555429774,3623750333.0
2021-10-17,0.03350357617253816,3730154761.0
2021-10-18,0.008354966774602453,3637524937.0
2021-10-19,0.015432626464370592,3841944072.0
2021-10-20,0.06967939243962148,4040327144.0
2021-10-21,0.04574805923671642,3914615522.0
2021-10-22,0.009080162792373463,3921152894.0
2021-10-23,0.01272462067097297,3822788050.0
2021-10-24,0.01265907106431932,3881332901.0
2021-10-25,0.0062343130812975165,3957494335.0
2021-10-26,0.022383314076485597,3967846545.0
2021-10-27,0.013267688184869016,3623093022.0
2021-10-28,0.020935776347456796,3680471679.0
2021-10-29,0.020311723213110734,3939719463.0
2021-10-30,0.009776331385187277,3850739768.0
2021-10-31,0.006325830820923954,4010935718.0
2021-11-01,0.04382532557024953,4156197496.0
2021-11-02,0.037219704258729946,4243701019.0
2021-11-03,0.011278490585186028,4249260035.0
2021-11-04,0.005281707276134638,4062155508.0
2021-11-05,0.00674329251014301,3991533869.0
2021-11-06,0.007244762791121719,3993232196.0
2021-11-07,0.017463861964802388,4063839662.0
2021-11-08,0.037497469982514776,4324652190.0
2021-11-09,0.04867602393922435,4450532727.0
2021-11-10,0.03486270159964499,4174080423.0
2021-11-11,0.010140829928556788,4110014672.0
2021-11-12,0.0074672212966752135,3905478493.0
2021-11-13,0.006885379667434825,3882888267.0
2021-11-14,0.003470125353272852,3966837684.0
2021-11-15,0.019015485598848636,4174726426.0
2021-11-16,0.0056638141776711995,3851943027.0
2021-11-17,0.007886560272860967,3814154095.0
2021-11-18,0.005987623736864405,3752368656.0
2021-11-19,0.0035180175833541046,3655802255.0
2021-11-20,0.006383792056020698,3715783535.0
2021-11-21,0.008181646317938518,3728946856.0
2021-11-22,0.004731896855763503,3690983834.0
2021-11-23,0.007958601160207931,3630763729.0
2021-11-24,0.00799321363865639,3620202109.0
2021-11-25,0.008570010059173783,3690148543.0
2021-11-26,0.0015017287034454919,3633957739.0
2021-11-27,0.0031435962008068458,3587665887.0
2021-11-28,0.007307886565376878,3551026360.0
2021-11-29,0.007861686220552243,3533750849.0
2021-11-30,0.008923526661089753,3562522257.0
2021-12-01,0.007736963967702367,3681476195.0
2021-12-02,0.007484703531552572,3662106534.0
2021-12-03,0.010383351938566848,3629170033.0
2021-12-04,-0.011970367783405577,2326421727.0
2021-12-05,-0.028087685901104675,2181645716.0
2021-12-06,0.009932333744818098,2092855160.0
2021-12-07,0.005372998734408057,2243650727.0
2021-12-08,0.0067728597798684745,2221055564.0
2021-12-09,0.007483295566327549,2200696291.0
2021-12-10,0.0070929372076901686,2179638832.0
2021-12-11,0.005297900776294806,2188644823.0
2021-12-12,0.006443302198645815,2243560383.0
2021-12-13,0.003048169162842709,2186878377.0
2021-12-14,0.004553179978699498,2231716335.0
2021-12-15,0.010627992812996605,2213327683.0
2021-12-16,0.006924568032864608,2267640120.0
2021-12-17,-0.001264260230646669,2180708648.0
2021-12-18,0.0003953928090061557,2175478815.0
2021-12-19,0.005059940427269964,2148343175.0
2021-12-20,0.005886428340281635,2224243206.0
2021-12-21,0.004368395383458298,2295136553.0
2021-12-22,0.00790756242080088,2284444107.0
2021-12-23,0.006009273306164815,2352467341.0
2021-12-24,0.004284744507034709,2381102803.0
2021-12-25,0.00798148059511454,2415873052.0
2021-12-26,0.007707900093958811,2410748521.0
2021-12-27,0.00728751731723603,2458120445.0
2021-12-28,0.007167676695051759,2368939520.0
2021-12-29,0.00491317881646308,2375728687.0
2021-12-30,0.007946515726530958,2422130523.0
2021-12-31,0.019421232376186263,2410329251.0
2022-01-01,0.0028053067160655237,2378173439.0
2022-01-02,0.0028629529222807667,2391514338.0
2022-01-03,0.0026431893442486216,2472242860.0
2022-01-04,0.010069625739199287,2516711464.0
2022-01-05,0.00531242473765252,2415903864.0
2022-01-06,0.00244128432566705,2371642031.0
2022-01-07,0.006108239797661563,2297447606.0
2022-01-08,0.003593243404800591,2291356560.0
2022-01-09,0.004979475964757503,2307958276.0
2022-01-10,0.003511430317581065,2201600505.0
2022-01-11,1.1713845687883303e-05,2207724864.0
2022-01-12,-0.010675188952568802,2172775347.0
2022-01-13,-0.0008371892624457681,2201200572.0
2022-01-14,0.0037985993992179145,2151047132.0
2022-01-15,0.0037985993992179145,2167546489.0
2022-01-16,0.0009181788074326144,2166348799.0
2022-01-17,0.006667545419525804,2179729819.0
2022-01-18,0.006741310357717398,2141983289.0
2022-01-19,0.00786309682875687,2175152606.0
2022-01-20,0.008000659592350695,2151797798.0
2022-01-21,0.006083213413985911,1889416700.0
2022-01-22,-0.003769260927708144,1819950537.0
2022-01-23,-0.0049842668882193256,1827654384.0
2022-01-24,0.0016693750642826613,1805170695.0
2022-01-25,-0.020680285134328784,1832394189.0
2022-01-26,-0.012350599946886958,1797614882.0
2022-01-27,0.0011605032259433335,1769969464.0
2022-01-28,-0.0009256571540150677,1723577345.0
2022-01-29,-0.013717293600500018,1760082996.0
2022-01-30,0.0019046230812038796,1784711081.0
2022-01-31,-0.0008107430111719824,1792105519.0
2022-02-01,-0.003938205411062216,1789806387.0
2022-02-02,-0.004140969949776091,1798942174.0
2022-02-03,0.0010944568507165497,1808128749.0
2022-02-04,0.006703846805783664,1837309784.0
2022-02-05,0.007069140254302103,1837066006.0
2022-02-06,-0.0029321012896516984,1874008200.0
2022-02-07,0.00041118616279479004,2007019502.0
2022-02-08,0.005885491940253327,1938709735.0
2022-02-09,-0.004225853003203824,1917083374.0
2022-02-10,0.007126476349682614,1924241306.0
2022-02-11,-0.00601230752711585,1821306662.0
2022-02-12,0.008418355463891088,1822613022.0
2022-02-13,0.00017423568498131105,1834713176.0
2022-02-14,0.007710945124960523,1859926514.0
2022-02-15,-0.0010668196034797784,1953921395.0
2022-02-16,0.003284664266552166,1926566885.0
2022-02-17,-0.006801246411167797,1914053201.0
2022-02-18,0.005685133831073323,1840591840.0
2022-02-19,0.009298974769107798,1840328464.0
2022-02-20,-0.002088059650403062,1829999561.0
2022-02-21,0.004493142703138961,1836794339.0
2022-02-22,-0.0054558276964139785,1833630585.0
2022-02-23,-0.0020116274642318134,1847569513.0
2022-02-24,-0.005918852314343069,1813854428.0
2022-02-25,0.0025913342840916233,1858679194.0
2022-02-26,-0.007046632222691356,1902977877.0
2022-02-27,0.005092393430788839,1867481024.0
2022-02-28,0.003329002227565358,1884749166.0
2022-03-01,-0.0008557430672389427,1925184535.0
2022-03-02,0.00655785596940093,1923172069.0
2022-03-03,0.00715458422574286,1921647914.0
2022-03-04,0.005622683520360868,1858238075.0
2022-03-05,-0.015379835756717346,1914556106.0
2022-03-06,0.005433152558701799,1905172258.0
2022-03-07,-0.0018286779277307099,1830478769.0
2022-03-08,0.004533396017977595,1860758264.0
2022-03-09,0.00748394765450153,1954248304.0
2022-03-10,-0.018752897976228672,1852130573.0
2022-03-11,0.00231055922160208,1900767663.0
2022-03-12,-0.0037165362027166745,1923421566.0
2022-03-13,-0.006393372945325459,1967812636.0
2022-03-14,0.008372207324401741,1938653186.0
2022-03-15,0.003757910354740418,1945498945.0
2022-03-16,0.003818180096111844,1930661855.0
2022-03-17,0.001781331151986684,1959423185.0
2022-03-18,0.0030200376002648896,2060991977.0
2022-03-19,-0.002540516514834982,2107885961.0
2022-03-20,0.007924736688969775,2083804529.0
2022-03-21,-0.0019726679677871716,2106041087.0
2022-03-22,-0.0035830621481488,2100392715.0
2022-03-23,0.002931824192397419,2041969088.0
2022-03-24,-0.0007272057922833225,2168517876.0
2022-03-25,0.003944721129586777,2234209580.0
2022-03-26,0.005066852006653785,2292554803.0
2022-03-27,0.005750557521218847,2321505534.0
2022-03-28,0.006192262497861541,2392456567.0
2022-03-29,-0.0018690610913439179,2350889406.0
2022-03-30,0.008192019790871379,2313932431.0
2022-03-31,0.0009361949140998815,2262249590.0
2022-04-01,-0.003478324242532217,2280742400.0
2022-04-02,0.007727914789737276,2260305479.0
2022-04-03,0.009126781178738212,2280785706.0
2022-04-04,0.008422292249247815,2243500904.0
2022-04-05,0.006413517084609183,2296743744.0
2022-04-06,0.006367075794992396,2239987209.0
2022-04-07,-0.0009861464169070612,2243477270.0
2022-04-08,0.0036823459496687022,2192832695.0
2022-04-09,-0.0028954221450517145,2223808810.0
2022-04-10,0.0033241092119087458,2266065939.0
2022-04-11,0.003979102666778317,2135763219.0
2022-04-12,-0.007342267084286478,2155350005.0
2022-04-13,0.00017011494924816398,2050158194.0
2022-04-14,0.008152906880501097,2093619273.0
2022-04-15,0.006256623288759305,2066966153.0
2022-04-16,0.0035291899013373627,2085673710.0
2022-04-17,-0.0023413186684038178,2154142174.0
2022-04-18,0.0026511833740701686,2101561058.0
2022-04-19,0.00015666158227528793,2107847451.0
2022-04-20,0.006964543654035557,2092733095.0
2022-04-21,0.0076260698166726645,2088438796.0
2022-04-22,0.007103598240873225,2107315698.0
2022-04-23,-0.014395877189757336,2121321776.0
2022-04-24,0.004582637483332413,2096172079.0
2022-04-25,0.00807807527209168,2076266513.0
2022-04-26,0.007568405893966141,2149572025.0
2022-04-27,0.00617909655700777,2061146743.0
2022-04-28,0.007080124698744767,2059996403.0
2022-04-29,0.004403533183051706,2102096089.0
2022-04-30,0.003979979558051333,2111166882.0
2022-05-01,0.0086059321202811,2109236493.0
2022-05-02,0.010676604894035541,2097450579.0
2022-05-03,0.006563898770781338,2150635592.0
2022-05-04,0.012525527252715529,2084518876.0
2022-05-05,0.0019211120859472745,2142419970.0
2022-05-06,0.006544977564001552,2045620811.0
2022-05-07,-0.00420078120785771,2070298724.0
2022-05-08,0.0026872808432504003,2102134449.0
2022-05-09,0.0021237216171240913,1967244685.0
2022-05-10,0.004482105549701634,1963525495.0
2022-05-11,0.003399940458143025,1972893240.0
2022-05-12,-0.009067342963826146,1935834443.0
2022-05-13,-0.007881801273602199,1940346306.0
2022-05-14,-0.0005590729039586667,1846258613.0
2022-05-15,-0.013359106045921663,1935168848.0
2022-05-16,-0.0064926226836201735,1930195154.0
2022-05-17,-0.011225621326585196,1956481901.0
2022-05-18,-0.00696286878481936,1990399688.0
2022-05-19,0.005839471561054347,2015766040.0
2022-05-20,0.010196286455972783,2040733132.0
2022-05-21,0.003692270683406898,2050233800.0
2022-05-22,0.00859223075777715,2087300440.0
2022-05-23,-4.165604857146428e-05,2079466503.0
2022-05-24,0.000485023396434456,2107206050.0
2022-05-25,-0.003990899687426612,2072387225.0
2022-05-26,-0.004874007856449773,2054664319.0
2022-05-27,0.004944860468332243,2022039889.0
2022-05-28,0.00044450409017919806,2024087159.0
2022-05-29,0.005546288148730814,2045454201.0
2022-05-30,0.004559675693170524,2044536151.0
2022-05-31,0.00044624625595888394,2033123397.0
2022-06-01,0.00042838101021863885,2029220553.0
2022-06-02,-0.010290094832919629,1983810399.0
2022-06-03,-0.0030773163611084627,2001800428.0
2022-06-04,-0.005522981650775712,2025253908.0
2022-06-05,-0.002323718814953627,2040735905.0
2022-06-06,0.0035958823936967236,2072222284.0
2022-06-07,0.0010827355070939936,1958062400.0
2022-06-08,0.006030681541797383,1944436742.0
2022-06-09,0.005396697393324367,1991307587.0
2022-06-10,0.0044593084376350536,2001089735.0
2022-06-11,0.0075130019316472455,2042294686.0
2022-06-12,0.005379653797442794,1997952583.0
2022-06-13,-0.027150074563151973,1779022081.0
2022-06-14,-0.009026093985136584,1730299456.0
2022-06-15,0.0016163263486505474,1648342139.0
2022-06-16,-0.0018077810823769285,1668303472.0
2022-06-17,-0.0026120770221471613,1572180047.0
2022-06-18,-0.020135130217715364,1546252011.0
2022-06-19,0.002314755631896752,1497785003.0
2022-06-20,-0.006357933139305096,1509198201.0
2022-06-21,-0.013265615888849187,1508184284.0
2022-06-22,-0.001105246810830077,1489168543.0
2022-06-23,-0.01331852925760685,1490149366.0
2022-06-24,0.004298820260136676,1516997688.0
2022-06-25,0.0009361281094453181,1530325816.0
2022-06-26,-0.0036729937301883376,1511126787.0
2022-06-27,0.0027915823850353607,1518810190.0
2022-06-28,0.003548612526282437,1496609032.0
2022-06-29,-0.0028444971206780783,1504359311.0
2022-06-30,-0.011671163695656924,1528121779.0
2022-07-01,-0.012565739101596063,1487434223.0
2022-07-02,0.0011978163417063624,1485273228.0
2022-07-03,0.007355357220608788,1471579571.0
2022-07-04,0.0035813505662654795,1519109219.0
2022-07-05,3.8120054585700103e-05,1530785750.0
2022-07-06,0.002109554611848996,1559016257.0
2022-07-07,0.002562295484234118,1537113642.0
2022-07-08,-0.006369318324191036,1552461507.0
2022-07-09,-0.003096977934727633,1566588667.0
2022-07-10,-0.0076684993810886256,1551334549.0
2022-07-11,0.0025809636617021145,1526015756.0
2022-07-12,0.0028681580752646747,1540101956.0
2022-07-13,0.0016279439428716835,1502372803.0
2022-07-14,0.0048601306541383475,1541259279.0
2022-07-15,-0.003682257819607338,1558951773.0
2022-07-16,0.000719886810687525,1551492334.0
2022-07-17,0.007580585287451841,1530871722.0
2022-07-18,0.004576330462630652,1574471650.0
2022-07-19,0.005623971527678174,1593431666.0
2022-07-20,0.0019183162623843402,1558338735.0
2022-07-21,0.0030171227455646444,1584429923.0
2022-07-22,-0.00456219394811231,1564968690.0
2022-07-23,0.001346478766716906,1550068570.0
2022-07-24,-0.00034395135050678625,1571580300.0
2022-07-25,-0.001230608961597384,1557431596.0
2022-07-26,0.0012931629670323236,1560017797.0
2022-07-27,0.0017183279776351538,1604696054.0
2022-07-28,0.008736271035624051,1595548883.0
2022-07-29,0.00510766819455535,1645749606.0
2022-07-30,0.0018842868426911918,1663337265.0
2022-07-31,-0.0015493193895852512,1658606111.0
2022-08-01,0.004053031199412252,1644789009.0
2022-08-02,8.322931948836934e-05,1634148552.0
2022-08-03,0.008470004575527552,1643466673.0
2022-08-04,-0.0032957786381618793,1649204572.0
2022-08-05,-1.1192841405719117e-05,1630587192.0
2022-08-06,-0.001603483626340347,1664961687.0
2022-08-07,0.0023970255864853066,1661052412.0
2022-08-08,0.008479141990807085,1669511284.0
2022-08-09,-0.007120185313567375,1691663232.0
2022-08-10,0.006694084118672271,1653099497.0
2022-08-11,0.004881055652584608,1638335489.0
2022-08-12,0.003016882666334564,1709500202.0
2022-08-13,0.0034229246172102694,1693754126.0
2022-08-14,0.0017243695102874164,1706520262.0
2022-08-15,-0.004263224784934445,1708924154.0
2022-08-16,0.002777585642891021,1727203084.0
2022-08-17,-0.002293612304766381,1776922351.0
2022-08-18,0.0016479389287443788,1759038824.0
2022-08-19,-0.005561171626114992,1674164692.0
2022-08-20,-0.008602759330993102,1671540088.0
2022-08-21,-0.0051455925105856875,1675265352.0
2022-08-22,0.003953979385432673,1671171242.0
2022-08-23,-0.0006378796854606306,1637805841.0
2022-08-24,-0.0022672626992720985,1635687903.0
2022-08-25,-0.00144793407070814,1636271871.0
2022-08-26,-0.006842864587265005,1678751289.0
2022-08-27,-0.0110354405292484,1704697336.0
2022-08-28,-0.006539385658753623,1710148121.0
2022-08-29,-0.005059052081416911,1690383332.0
2022-08-30,4.007157903218193e-05,1664632218.0
2022-08-31,0.0026199230193041027,1636517532.0
2022-09-01,-0.0018979137390529514,1628589399.0
2022-09-02,-0.0012898502705498114,1650416389.0
2022-09-03,-0.0033651082127358323,1676811022.0
2022-09-04,-0.0017505541771274016,1687561325.0
2022-09-05,-0.0044298112961727925,1730240283.0
2022-09-06,0.000662465397168941,1685455604.0
2022-09-07,-0.003738340994434949,1662289427.0
2022-09-08,-0.00236291856514027,1684238577.0
2022-09-09,0.0033298330746087037,1685594170.0
2022-09-10,0.0020347421646451486,1721539159.0
2022-09-11,0.0016335599676837263,1709689945.0
2022-09-12,0.002921133475916614,1756929206.0
2022-09-13,0.005765140891516198,1666603283.0
2022-09-14,-0.007870791004860694,1676654605.0
2022-09-15,-0.004158123661312,1673347463.0
2022-09-16,-9.522557870376936e-05,1666031888.0
2022-09-17,-0.004775957277430352,1699261416.0
2022-09-18,0.0010957473296643702,1666541594.0
2022-09-19,-0.005849415045606162,1647136791.0
2022-09-20,0.0019453654881877447,1644700090.0
2022-09-21,-0.0034927407783940595,1621014755.0
2022-09-22,0.004219569826701172,1638877969.0
2022-09-23,-0.003873931910278269,1621202766.0
2022-09-24,-0.0022332320908920074,1630139322.0
2022-09-25,0.0008969082170787767,1633231261.0
2022-09-26,0.0034740570211710528,1621483656.0
2022-09-27,0.002805670217144186,1640226122.0
2022-09-28,0.004348768201509003,1627837213.0
2022-09-29,0.0006840776153681901,1607247793.0
2022-09-30,-0.0011312167609328094,1627033073.0
2022-10-01,0.0014222091006924067,1632187174.0
2022-10-02,-0.004157852947934457,1645919162.0
2022-10-03,0.00348791234676227,1634984651.0
2022-10-04,0.001905423690294478,1688157607.0
2022-10-05,0.003947424335947824,1657531738.0
2022-10-06,0.0016597668990341197,1681814157.0
2022-10-07,-0.005589955231862445,1695790125.0
2022-10-08,-0.006836309844851719,1701438559.0
2022-10-09,-0.009076310245372013,1770882771.0
2022-10-10,0.008041289152201515,1758688312.0
2022-10-11,0.0034972361552998207,1773484039.0
2022-10-12,0.0012518087663828646,1796983321.0
2022-10-13,-0.012509079365847773,1891068586.0
2022-10-14,0.001044448487228542,1900279095.0
2022-10-15,-0.00042901825398244443,1916756705.0
2022-10-16,0.002751251226471919,1894931385.0
2022-10-17,-0.0010043089324836452,1958521588.0
2022-10-18,0.00373203023532247,1916509807.0
2022-10-19,0.003860799397518478,1963209027.0
2022-10-20,0.004339960899039425,2005916396.0
2022-10-21,-0.001867054995948567,1962268381.0
2022-10-22,-0.001611044721424832,1966809410.0
2022-10-23,0.002096250841107535,1962302107.0
2022-10-24,-0.004682885465346133,1935463746.0
2022-10-25,0.0016542106078659435,1957807726.0
2022-10-26,0.006569273347052224,1952412845.0
2022-10-27,0.007966145479210237,1919310584.0
2022-10-28,-0.0009428832116692193,1899961039.0
2022-10-29,0.004993780759471287,1894344897.0
2022-10-30,0.005826555381830412,1910185792.0
2022-10-31,0.0028671503535766555,1922171348.0
2022-11-01,-0.00027011462254119623,1916828351.0
2022-11-02,0.0038134380405470004,1919597738.0
2022-11-03,0.0015865652855749065,1944938212.0
2022-11-04,0.003641683756270442,1975947910.0
2022-11-05,0.003639710018194505,1994732444.0
2022-11-06,0.008965460594603309,1985073026.0
2022-11-07,0.007294023099002526,2012170287.0
2022-11-08,0.007294023099002526,2012170287.0
2022-11-09,-0.11396193307101836,1782954083.0
2022-11-10,-0.11470577563744869,1711136019.0
2022-11-11,-0.040301006542490116,1653128339.0
2022-11-12,-0.05214907643928511,1639225313.0
2022-11-13,-0.03791266226173456,1629290873.0
2022-11-14,-0.023364575155428238,1570421556.0
2022-11-15,-0.013499155079744632,1555211338.0
2022-11-16,0.007363426714410098,1532813689.0
2022-11-17,0.00090978525045304,1544761000.0
2022-11-18,0.005824240876959864,1542039944.0
2022-11-19,0.001755901355686671,1549823320.0
2022-11-20,-0.010672334485345016,1553693961.0
2022-11-21,-0.01688538493350774,1538525571.0
2022-11-22,-0.010632491441615256,1547299843.0
2022-11-23,0.003923960166588858,1539820052.0
2022-11-24,0.008497881909955568,1536780169.0
2022-11-25,-0.005252965598945173,1539168012.0
2022-11-26,-0.014099914931240484,1552493048.0
2022-11-27,-0.0013723000810582009,1546646254.0
2022-11-28,0.007639026444344305,1551298058.0
2022-11-29,-0.017630275800188056,1582326064.0
2022-11-30,-0.012690933781331014,1587142588.0
2022-12-01,0.005402716862482552,1547126063.0
2022-12-02,-0.005599500961427429,1534951618.0
2022-12-03,-0.003808699307353147,1535084207.0
2022-12-04,-0.020320321101271577,1552087124.0
2022-12-05,-0.004265806254073711,1548082139.0
2022-12-06,-0.0005985727779330898,1545343009.0
2022-12-07,0.0002643002053786098,1529789141.0
2022-12-08,-0.008506808125864978,1534062459.0
2022-12-09,0.005491584185608486,1543292853.0
2022-12-10,-0.025606000055535094,1558046345.0
2022-12-11,-0.009648006522586452,1547605325.0
2022-12-12,0.00030048758213107576,1556402999.0
2022-12-13,0.012268618380961396,1591365207.0
2022-12-14,-0.0029353514902840916,1624048308.0
2022-12-15,0.007173891755560893,1616486050.0
2022-12-16,-0.00842022966913731,1620822805.0
2022-12-17,-0.011041223750212702,1633421116.0
2022-12-18,-0.01097813331428293,1630016027.0
2022-12-19,0.005484922134331258,1612331786.0
2022-12-20,-0.003792654663059573,1610112306.0
2022-12-21,0.011415077094669268,1609885215.0
2022-12-22,0.008960507931755497,1589888510.0
2022-12-23,-0.002218954162840653,1608447944.0
2022-12-24,0.007552764998012922,1603409346.0
2022-12-25,-0.003253086378691144,1607688708.0
2022-12-26,-0.0030832632201668194,1600031398.0
2022-12-27,-0.0017341523946447185,1638542341.0
2022-12-28,0.009645608642780983,1639907615.0
2022-12-29,-0.002419486952849356,1674981355.0
2022-12-30,0.01551504150277539,1636615172.0
2022-12-31,0.0031484837154542376,1637658353.0
2023-01-01,0.0032220963364243656,1643519748.0
2023-01-02,0.004939863090640156,1644279499.0
2023-01-03,0.009278883820096678,1665235218.0
2023-01-04,0.015093254307769283,1654851319.0
2023-01-05,0.0012901724647325767,1651117362.0
2023-01-06,-0.0017061756751711576,1642094730.0
2023-01-07,0.010975343035651286,1638194274.0
2023-01-08,-0.0002773667957779247,1633411297.0
2023-01-09,0.009260679292560609,1638249953.0
2023-01-10,0.002533119200685369,1654847711.0
2023-01-11,0.00414414776762523,1661814472.0
2023-01-12,0.007173755071053479,1665367312.0
2023-01-13,0.005445654658048603,1696419893.0
2023-01-14,0.0161636486525565,1652244040.0
2023-01-15,0.011298002956382027,1662031870.0
2023-01-16,0.006245007809753237,1696885196.0
2023-01-17,0.00571130569903317,1696944928.0
2023-01-18,0.005078439168541942,1677701361.0
2023-01-19,0.0013885811190341032,1689202375.0
2023-01-20,0.008315082082998141,1663577337.0
2023-01-21,-0.000694463243590895,1681406169.0
2023-01-22,0.0073557867621245705,1694488361.0
2023-01-23,0.0028721270775952513,1731732897.0
2023-01-24,0.010670007640830384,1726407570.0
2023-01-25,0.013314850532729086,1670019269.0
2023-01-26,0.008247066470615681,1671271742.0
2023-01-27,0.006870518394054751,1627875680.0
2023-01-28,0.007178460131742408,1634876994.0
2023-01-29,0.00945038239994412,1715390010.0
2023-01-30,0.0034963629359659894,1659276120.0
2023-01-31,0.003404903098448173,1724991070.0
2023-02-01,0.014214608216182225,1714607898.0
2023-02-02,0.017924855994764722,1742701614.0
2023-02-03,0.006382393924856421,1741440084.0
2023-02-04,0.007689701071678179,1687291625.0
2023-02-05,0.005415094185781325,1723326158.0
2023-02-06,0.00872088194633159,1711956824.0
2023-02-07,0.006535874537344817,1737487733.0
2023-02-08,0.005096884298870398,1732629539.0
2023-02-09,0.0035291022467262476,1637590341.0
2023-02-10,0.00023169811890442907,1627224632.0
2023-02-11,-0.0005874645675948602,1638041228.0
2023-02-12,-0.0030999341215410692,1632749820.0
2023-02-13,-0.008413795979344987,1666353276.0
2023-02-14,0.007017978030635603,1664938673.0
2023-02-15,0.014679777805923536,1752055533.0
2023-02-16,0.03401118297700301,1787599703.0
2023-02-17,0.017317437831362026,1833964111.0
2023-02-18,0.02456866062334273,1863435351.0
2023-02-19,0.0133759614900466,1851191157.0
2023-02-20,0.019989322928475724,1900542128.0
2023-02-21,0.0037235184930705335,1860639212.0
2023-02-22,0.0043802454607433094,1824946816.0
2023-02-23,-0.0036649601913567665,1784444794.0
2023-02-24,0.007216533763477617,1721739390.0
2023-02-25,0.0035944753380313687,1702878121.0
2023-02-26,0.0035898215839532703,1741268429.0
2023-02-27,0.009754404953586732,1720364065.0
2023-02-28,0.003618244620322165,1701871381.0
2023-03-01,-0.0004151693524642895,1725595563.0
2023-03-02,0.0017595805315482188,1709955143.0
2023-03-03,0.007952909233512238,1547368627.0
2023-03-04,-0.0013091233963546125,1527178115.0
2023-03-05,-0.009336081753209402,1508975508.0
2023-03-06,0.007210854338050051,1457226143.0
2023-03-07,0.0025454922581579524,1425635504.0
2023-03-08,0.0041152361087948034,1459971541.0
2023-03-09,0.0022586112157405363,1381648758.0
2023-03-10,-0.014406194355835922,1312364911.0
2023-03-11,-0.12291318469854907,1286416272.0
2023-03-12,-0.09248605896658557,1233317253.0
2023-03-13,-0.025312559782359415,1339573787.0
2023-03-14,0.03966134775235075,1391783852.0
2023-03-15,-0.005271980626256059,1408534630.0
2023-03-16,9.92918518032777e-05,1358784440.0
2023-03-17,0.023552400594786117,1489194739.0
2023-03-18,0.009297585401076178,1559783339.0
2023-03-19,0.013272909959121074,1598055677.0
2023-03-20,0.010582841216311336,1596923318.0
2023-03-21,0.006263380470160877,1604159008.0
2023-03-22,0.005641361064654302,1526473020.0
2023-03-23,0.001270870462563056,1489483123.0
2023-03-24,-0.006386952958690856,1508090792.0
2023-03-25,-0.0013204788997458936,1473240714.0
2023-03-26,0.002428354274342572,1510771521.0
2023-03-27,-0.0052470804741423386,1485435565.0
2023-03-28,0.005878910799436349,1499570651.0
2023-03-29,0.0191161626918917,1532807517.0
2023-03-30,-0.0033711225754873638,1533284106.0
2023-03-31,0.009845112647688043,1459646389.0
2023-04-01,0.007043467058325032,1488016165.0
2023-04-02,0.0006691580483987854,1473254399.0
2023-04-03,0.005960060165620655,1432968239.0
2023-04-04,0.006558915380961261,1455998637.0
2023-04-05,0.0032057373471744907,1440427144.0
2023-04-06,-0.003574879339407507,1465578075.0
2023-04-07,-0.005874639128415464,1454785722.0
2023-04-08,-0.00020812680285953004,1453198750.0
2023-04-09,-0.0022100416185683487,1457040147.0
2023-04-10,0.009550046336155108,1601251084.0
2023-04-11,0.0067148487636051754,1597911418.0
2023-04-12,0.004447484859773551,1570953626.0
2023-04-13,0.014312367399911092,1631268129.0
2023-04-14,-0.0009521007844991167,1601289199.0
2023-04-15,0.00711602430038259,1601262445.0
2023-04-16,0.009197352979874635,1599185152.0
2023-04-17,0.006956083868059938,1554375465.0
2023-04-18,0.007422681716070138,1566879620.0
2023-04-19,-0.00272432310582463,1540344440.0
2023-04-20,0.007730806216915182,1534109241.0
2023-04-21,0.010454139005971953,1444600288.0
2023-04-22,-0.0056915164279838625,1462655858.0
2023-04-23,-0.0006001566930472256,1453387745.0
2023-04-24,0.004191916314319513,1443744024.0
2023-04-25,7.304547655375944e-05,1445341304.0
2023-04-26,0.008990587071568638,1436459539.0
2023-04-27,0.0015560357929213808,1419465260.0
2023-04-28,-0.004939679389101646,1426971352.0
2023-04-29,-0.005141741540624087,1436748513.0
2023-04-30,0.0039165303446326285,1457603015.0
2023-05-01,0.002803659420089269,1447791255.0
2023-05-02,-0.0025227243565791127,1457565622.0
2023-05-03,0.0019278932980356317,1458073317.0
2023-05-04,0.007865634708314782,1472728385.0
2023-05-05,0.004543388324502105,1496003876.0
2023-05-06,-0.013160078279594803,1498166570.0
2023-05-07,-0.014404706961098218,1515871598.0
2023-05-08,-0.006432871065198763,1550843254.0
2023-05-09,0.0024366828920885865,1514343874.0
2023-05-10,-0.003306900510456727,1429912496.0
2023-05-11,-0.002313671585920808,1437428079.0
2023-05-12,0.003259384701677591,1393388953.0
2023-05-13,0.0031808970075541602,1416802667.0
2023-05-14,0.005579750482658281,1423606748.0
2023-05-15,0.00020532284658622557,1419161531.0
2023-05-16,0.012499253739992864,1407402702.0
2023-05-17,0.006561098124239909,1404821882.0
2023-05-18,0.005222349741627221,1387584480.0
2023-05-19,0.002705489047066591,1391966437.0
2023-05-20,0.0009750861013496585,1437449505.0
2023-05-21,0.004933464078316748,1433795436.0
2023-05-22,0.005215996149394283,1450846524.0
2023-05-23,0.006996631179848042,1465930118.0
2023-05-24,0.005939266775012414,1439567568.0
2023-05-25,0.0028121998204892694,1445042560.0
2023-05-26,0.00042173609748231565,1432518022.0
2023-05-27,0.006042612414681902,1422711768.0
2023-05-28,0.0024341818868240813,1174532969.0
2023-05-29,0.008984388497947908,1502449546.0
2023-05-30,0.008612486953123687,1563896894.0
2023-05-31,0.008229863798067788,1495135311.0
2023-06-01,0.006278041387711954,1511170441.0
2023-06-02,0.0062662018144053885,1518110178.0
2023-06-03,0.0014865430461765887,1500350863.0
2023-06-04,0.011154470346987865,1518329404.0
2023-06-05,0.0014145092456657802,1542166830.0
2023-06-06,0.009852776487106715,1499121838.0
2023-06-07,0.009759444609096226,1481399298.0
2023-06-08,0.007755586875216314,1477774245.0
2023-06-09,0.014702693748867183,1479990157.0
2023-06-10,0.0033597067123599363,1492199071.0
2023-06-11,0.004490499436466698,1479748978.0
2023-06-12,0.010442367873147807,1485509286.0
2023-06-13,0.00799259864598765,1650008820.0
2023-06-14,0.006280555829442593,1654515987.0
2023-06-15,0.007482303398122027,1659586573.0
2023-06-16,0.020696075734829192,1648049735.0
2023-06-17,0.012302459588698245,1685754003.0
2023-06-18,0.011323617308749673,1687959097.0
2023-06-19,0.008152696226631416,1669893464.0
2023-06-20,0.01334280758274531,1787143540.0
2023-06-21,0.012955346982427063,1883461940.0
2023-06-22,0.006485245446479603,1884631730.0
2023-06-23,0.0028883402656505294,1967663134.0
2023-06-24,0.00556973510908468,1950497544.0
2023-06-25,0.014988945926263715,1966090410.0
2023-06-26,0.0051036080061596795,1947336773.0
2023-06-27,0.0007888443815676603,1983791522.0
2023-06-28,0.006541452707147613,1967572424.0
2023-06-29,0.012463519429158566,1951500576.0
2023-06-30,0.00747031574971594,1946317673.0
2023-07-01,0.008197516377652684,1925414869.0
2023-07-02,0.010562627181599397,1883941150.0
2023-07-03,0.00842555535089035,1913553413.0
2023-07-04,0.008079767844568868,1900407292.0
2023-07-05,0.004649700351692078,1887529501.0
2023-07-06,-0.00012387237886928284,1890508898.0
2023-07-07,-0.0034893632438678483,1925677711.0
2023-07-08,-0.0008819512939992333,1916165962.0
2023-07-09,0.0034208622672014313,1895365415.0
2023-07-10,0.009289494396205706,1840289614.0
2023-07-11,0.005231793646063489,1849428351.0
2023-07-12,0.004002759924967854,1908733076.0
2023-07-13,0.011552227564662893,1994672861.0
2023-07-14,0.003627924774366986,1953808351.0
2023-07-15,-0.0013717228230414671,1942888922.0
2023-07-16,-0.00012051490036685427,1940367673.0
2023-07-17,0.0031159107779806052,1877138921.0
2023-07-18,0.002721373610735726,1847157314.0
2023-07-19,0.0013921437279534002,1780325743.0
2023-07-20,0.0033438942725219157,1834545350.0
2023-07-21,0.004754194117146378,1793845564.0
2023-07-22,-0.00018524951690033876,1750404762.0
2023-07-23,0.003800928223063416,1761378159.0
2023-07-24,0.004742959471100706,1771418964.0
2023-07-25,0.003929031504213638,1777677915.0
2023-07-26,0.0007343556546760414,1788087416.0
2023-07-27,-0.0007095182722193864,1773553000.0
2023-07-28,0.006010002528961269,1798981453.0
2023-07-29,0.0030561779256063773,1803686860.0
2023-07-30,0.001842597795244138,1814789528.0
2023-07-31,0.003078869026045537,1784192377.0
2023-08-01,0.013108387048935967,2384865611.0
2023-08-02,0.011571671241688022,2318853175.0
2023-08-03,0.016180600271409235,2349702034.0
2023-08-04,0.008644267590157507,2379568143.0
2023-08-05,0.010193127425642013,2391278014.0
2023-08-06,0.01633346428927853,2353099997.0
2023-08-07,0.012419919215903704,2387990762.0
2023-08-08,0.010485736982019564,2510525272.0
2023-08-09,0.009100908386516558,2481714868.0
2023-08-10,0.008313941861369972,2508110089.0
2023-08-11,0.006449199927614237,2474534052.0
2023-08-12,0.0076634774692795745,2469347101.0
2023-08-13,0.008713240559075202,2466290416.0
2023-08-14,0.013686284598295923,2468357177.0
2023-08-15,0.011198136235149845,2497420523.0
2023-08-16,0.010325127014984597,2491794903.0
2023-08-17,-0.056612159055136786,2128280106.0
2023-08-18,-0.0005009357168688217,2095085236.0
2023-08-19,-0.001984569620292951,2052964707.0
2023-08-20,-0.002666078997111707,2067841916.0
2023-08-21,0.0021207652850649215,2051686299.0
2023-08-22,0.004893744597016707,1976336994.0
2023-08-23,0.0015629308787650567,1960376286.0
2023-08-24,0.004965872093997053,1970976825.0
2023-08-25,0.0014285464685608457,1944017533.0
2023-08-26,0.0077624043726156776,1926095504.0
2023-08-27,-0.003273105456060681,1940572371.0
2023-08-28,0.00037718888501316766,1959098411.0
2023-08-29,-0.004025934300010671,2075890734.0
2023-08-30,-0.0010824627174679,2019731989.0
2023-08-31,-0.0074890967040144585,1896675139.0
2023-09-01,0.005584712943928054,1861992467.0
2023-09-02,-0.0027290141306270275,1888430540.0
2023-09-03,0.0038375857106247597,1902563846.0
2023-09-04,0.0036418262819340997,1867159142.0
2023-09-05,0.0059048242814580066,1878084940.0
2023-09-06,0.005577691102832304,1941210010.0
2023-09-07,0.001183834800047401,1967578399.0
2023-09-08,-0.0016307669287726533,1925767148.0
2023-09-09,0.001265421391601553,1907495061.0
2023-09-10,0.0026927767703289673,1893204610.0
2023-09-11,-0.0011241768256651861,1932269872.0
2023-09-12,-0.0029814462812572796,1915963713.0
2023-09-13,-0.006340657287836791,1929253654.0
2023-09-14,-0.003629894709966472,2014401039.0
2023-09-15,0.0022531102407654493,2002337341.0
2023-09-16,0.0015107867150931094,2025368518.0
2023-09-17,0.0026264611114436833,2045548804.0
2023-09-18,-0.002851635938132452,2095037612.0
2023-09-19,-0.0005715472873002725,2097037097.0
2023-09-20,0.0019389552471679083,2072129778.0
2023-09-21,-0.0036888231747251718,2047016780.0
2023-09-22,0.005804354342018551,2006104807.0
2023-09-23,0.0009867966109283247,2016825689.0
2023-09-24,-0.0016461027438523434,2005130591.0
2023-09-25,0.003935964611209014,1987837853.0
2023-09-26,0.006536098453595011,2006612739.0
2023-09-27,0.012023091343438016,2059538940.0
2023-09-28,0.0038095865863182967,2111333809.0
2023-09-29,0.007910784867008374,2064622240.0
2023-09-30,-0.000999862635578786,2067195670.0
2023-10-01,0.011579144458996424,2099502092.0
2023-10-02,0.012056323464078929,2130698541.0
2023-10-03,0.005553833390993746,2101196224.0
2023-10-04,0.003338278575853653,2160332530.0
2023-10-05,0.0008028463564929337,2141410006.0
2023-10-06,0.002404864212711438,2167580994.0
2023-10-07,-0.0024766937475265267,2177398797.0
2023-10-08,0.0021913931746567407,2190560939.0
2023-10-09,0.00397251419762346,2209452166.0
2023-10-10,0.004717975471791906,2181890342.0
2023-10-11,0.01017839760881114,2115202055.0
2023-10-12,0.008740725809835018,2116066511.0
2023-10-13,0.0077774323400815635,2138227614.0
2023-10-14,0.0031699823063837565,2147325935.0
2023-10-15,0.0031894857252837143,2216738718.0
2023-10-16,0.005555084727576078,2285335278.0
2023-10-17,-0.0012118117594580413,2266205679.0
2023-10-18,-0.0066034663344467495,2181197793.0
2023-10-19,-0.007093905398276914,2204138038.0
2023-10-20,0.0026539081782124985,2265584749.0
2023-10-21,0.0032082934245018417,2255589002.0
2023-10-22,0.01269176872776607,2280571548.0
2023-10-23,0.012500725616203618,2378919384.0
2023-10-24,0.010663225346249824,2402377102.0
2023-10-25,0.011593248406185011,2496651375.0
2023-10-26,0.01120237284362224,2527602103.0
2023-10-27,0.009769585745043883,2485931927.0
2023-10-28,0.019964234945988184,2546532708.0
2023-10-29,0.028878210343037,2612135052.0
2023-10-30,0.015325247523365837,2551079550.0
2023-10-31,0.010335156863693374,2601082522.0
2023-11-01,0.02923792003665353,2637508440.0
2023-11-02,0.01127505206867813,2590367618.0
2023-11-03,0.008729602070151814,2605448181.0
2023-11-04,0.011335290350691581,2595120074.0
2023-11-05,0.01919575607941296,2632949074.0
2023-11-06,0.01002128105471901,2621398364.0
2023-11-07,0.008969733854234906,2564792499.0
2023-11-08,0.011892172606411532,2581080357.0
2023-11-09,0.01859698257532657,2649468681.0
2023-11-10,0.006466747699352096,2563934615.0
2023-11-11,0.011145098731358464,2575894644.0
2023-11-12,0.026163918460720224,2574572727.0
2023-11-13,0.010018170531579124,2552990695.0
2023-11-14,0.010888808451927396,2489838622.0
2023-11-15,0.010000055111533125,2555276054.0
2023-11-16,0.009306180489777474,2564404666.0
2023-11-17,0.008200830184217708,2498619119.0
2023-11-18,0.006679045912206922,2527007534.0
2023-11-19,0.008030178412198517,2520728411.0
2023-11-20,0.008344274713636675,2554676829.0
2023-11-21,0.0063368125998401895,2483922786.0
2023-11-22,0.010490480005769198,2504608635.0
2023-11-23,0.009431449061199252,2521000532.0
2023-11-24,0.014761303843723915,2558388628.0
2023-11-25,0.007086461974004185,2577910848.0
2023-11-26,0.008356495504990721,2537978094.0
2023-11-27,0.004633906724176779,2528699404.0
2023-11-28,0.007493933198975393,2544989013.0
2023-11-29,0.00563593941671218,2540925433.0
2023-11-30,0.004910861282650992,2534638984.0
2023-12-01,0.013417554222258102,2873594620.0
2023-12-02,0.013981603937378032,2875861035.0
2023-12-03,0.017116320350118504,2838190744.0
2023-12-04,0.009901856097045107,2945416846.0
2023-12-05,0.010214351564357148,3102046814.0
2023-12-06,0.00947082204417593,2992266287.0
2023-12-07,0.010880532296342912,3064619242.0
2023-12-08,0.011602924778545324,2939921221.0
2023-12-09,0.015979696161324507,2925267241.0
2023-12-10,0.014499493498548618,2996278972.0
2023-12-11,0.015310237043162348,2968966506.0
2023-12-12,0.016568492776444038,3040916920.0
2023-12-13,0.011516056329682972,2955113614.0
2023-12-14,0.007060021357281661,2950409004.0
2023-12-15,0.012272246293234113,2934649355.0
2023-12-16,0.020025012832408578,2935593042.0
2023-12-17,0.021096302394534017,2919920555.0
2023-12-18,0.015409960344962373,2877261874.0
2023-12-19,0.013427412907127779,2966131383.0
2023-12-20,0.01762619199600173,2992230682.0
2023-12-21,0.016750641597801087,2987036405.0
2023-12-22,0.012726902037611839,3009028128.0
2023-12-23,0.007499083227513286,2953118808.0
2023-12-24,0.011335728509704227,2982431758.0
2023-12-25,0.03186738342938813,3015862458.0
2023-12-26,0.02993123560485093,3072834262.0
2023-12-27,0.029520353798786106,3147514891.0
2023-12-28,0.030702790927245982,3135692574.0
2023-12-29,0.019692914789181316,3065950565.0
2023-12-30,0.025018538430988377,3101644955.0
2023-12-31,0.032802149257980404,3045441930.0
