,timestamp,Open,High,Low,Close,Volume
0,2020-03-30,5874.06,6606.47,5857.12,6407.09,0.0
1,2020-03-31,6407.09,6524.81,6346.6,6422.75,0.0
2,2020-04-01,6422.75,6694.63,6160.3,6659.09,0.0
3,2020-04-02,6659.09,7250.25,6583.14,6803.26,0.0
4,2020-04-03,6803.26,7041.95,6624.84,6742.28,0.0
5,2020-04-04,6742.28,6966.53,6680.51,6877.19,0.0
6,2020-04-05,6877.19,6904.54,6689.95,6776.73,0.0
7,2020-04-06,6776.73,7347.0,6775.5,7347.0,0.0
8,2020-04-07,7347.0,7462.26,7097.15,7201.37,0.0
9,2020-04-08,7201.37,7418.5,7158.28,7368.74,0.0
10,2020-04-09,7368.74,7375.8,7123.01,7293.59,0.0
11,2020-04-10,7293.59,7304.9,6762.86,6874.47,0.0
12,2020-04-11,6874.47,6949.42,6773.52,6886.42,0.0
13,2020-04-12,6886.42,7197.7,6793.05,6908.19,0.0
14,2020-04-13,6908.19,6900.76,6580.1,6862.72,0.0
15,2020-04-14,6862.72,6984.35,6780.58,6878.56,0.0
16,2020-04-15,6878.56,6935.86,6613.74,6621.56,0.0
17,2020-04-16,6621.56,7212.23,6496.94,7112.16,0.0
18,2020-04-17,7112.16,7151.77,7009.26,7030.83,0.0
19,2020-04-18,7030.83,7294.18,7045.25,7262.01,0.0
20,2020-04-19,7262.01,7271.15,7074.69,7128.56,0.0
21,2020-04-20,7128.56,7218.75,6768.94,6839.6,0.0
22,2020-04-21,6839.6,6948.82,6783.39,6854.33,0.0
23,2020-04-22,6854.33,7166.35,6824.7,7137.32,0.0
24,2020-04-23,7137.32,7675.37,7042.98,7487.83,0.0
25,2020-04-24,7487.83,7606.52,7393.84,7510.09,0.0
26,2020-04-25,7510.09,7684.42,7449.15,7547.61,0.0
27,2020-04-26,7547.61,7708.07,7533.22,7704.07,0.0
28,2020-04-27,7704.07,7797.15,7641.62,7788.09,0.0
29,2020-04-28,7788.09,7779.31,7674.21,7761.4,0.0
30,2020-04-29,7761.4,8965.51,7744.81,8792.04,0.0
31,2020-04-30,8792.04,9455.81,8424.75,8625.8,0.0
32,2020-05-01,8625.8,9069.35,8638.24,8830.93,0.0
33,2020-05-02,8830.93,9014.73,8766.7,8984.68,0.0
34,2020-05-03,8984.68,9198.88,8740.0,8912.97,0.0
35,2020-05-04,8912.97,8970.14,8543.17,8883.2,0.0
36,2020-05-05,8883.2,9117.89,8785.08,9031.82,0.0
37,2020-05-06,9031.82,9404.67,8931.37,9156.96,0.0
38,2020-05-07,9156.96,10068.13,9077.1,10002.39,0.0
39,2020-05-08,10002.39,10045.74,9744.48,9805.67,0.0
40,2020-05-09,9805.67,9917.36,9530.49,9541.89,0.0
41,2020-05-10,9541.89,9557.23,8160.83,8730.51,0.0
42,2020-05-11,8730.51,9150.95,8223.77,8572.19,0.0
43,2020-05-12,8572.19,8970.54,8543.97,8823.44,0.0
44,2020-05-13,8823.44,9411.81,8806.81,9318.38,0.0
45,2020-05-14,9318.38,9936.84,9272.79,9794.42,0.0
46,2020-05-15,9794.42,9838.51,9157.37,9309.16,0.0
47,2020-05-16,9309.16,9578.91,9226.87,9386.12,0.0
48,2020-05-17,9386.12,9887.76,9334.0,9671.17,0.0
49,2020-05-18,9671.17,9938.64,9513.03,9725.22,0.0
50,2020-05-19,9725.22,9889.97,9478.85,9785.71,0.0
51,2020-05-20,9785.71,9832.07,9346.9,9512.96,0.0
52,2020-05-21,9512.96,9558.9,8807.28,9062.22,0.0
53,2020-05-22,9062.22,9260.54,8932.82,9170.4,0.0
54,2020-05-23,9170.4,9311.71,9093.11,9182.61,0.0
55,2020-05-24,9182.61,9307.34,8703.76,8717.29,0.0
56,2020-05-25,8717.29,8972.21,8678.72,8901.43,0.0
57,2020-05-26,8901.43,9001.06,8715.38,8842.67,0.0
58,2020-05-27,8842.67,9212.62,8813.19,9209.26,0.0
59,2020-05-28,9209.26,9614.8,9112.87,9578.79,0.0
60,2020-05-29,9578.79,9600.28,9345.28,9422.44,0.0
61,2020-05-30,9422.44,9732.82,9340.12,9702.72,0.0
62,2020-05-31,9702.72,9686.4,9404.07,9446.38,0.0
63,2020-06-01,9446.38,10366.4,9417.33,10206.3,0.0
64,2020-06-02,10206.3,10217.63,9352.35,9524.09,0.0
65,2020-06-03,9524.09,9671.93,9432.28,9668.53,0.0
66,2020-06-04,9668.53,9879.67,9472.42,9789.98,0.0
67,2020-06-05,9789.98,9846.42,9616.41,9616.6,0.0
68,2020-06-06,9616.6,9730.01,9531.4,9670.78,0.0
69,2020-06-07,9670.78,9790.33,9427.08,9750.08,0.0
70,2020-06-08,9750.08,9804.65,9663.99,9782.25,0.0
71,2020-06-09,9782.25,9871.24,9570.0,9778.13,0.0
72,2020-06-10,9778.13,9997.75,9709.45,9894.18,0.0
73,2020-06-11,9894.18,9960.59,9083.84,9266.21,0.0
74,2020-06-12,9266.21,9539.82,9235.55,9463.62,0.0
75,2020-06-13,9463.62,9477.42,9362.92,9474.23,0.0
76,2020-06-14,9474.23,9475.35,9256.15,9327.5,0.0
77,2020-06-15,9327.5,9496.97,8921.39,9431.5,0.0
78,2020-06-16,9431.5,9582.12,9383.3,9528.28,0.0
79,2020-06-17,9528.28,9544.4,9252.31,9459.4,0.0
80,2020-06-18,9459.4,9476.79,9280.28,9375.46,0.0
81,2020-06-19,9375.46,9419.08,9235.67,9303.12,0.0
82,2020-06-20,9303.12,9390.0,9211.41,9355.6,0.0
83,2020-06-21,9355.6,9406.15,9277.25,9284.58,0.0
84,2020-06-22,9284.58,9752.05,9268.84,9686.93,0.0
85,2020-06-23,9686.93,9724.35,9579.24,9623.18,0.0
86,2020-06-24,9623.18,9662.74,9206.83,9285.99,0.0
87,2020-06-25,9285.99,9339.24,9007.41,9241.5,0.0
88,2020-06-26,9241.5,9288.61,9041.85,9156.84,0.0
89,2020-06-27,9156.84,9187.55,8846.88,9005.88,0.0
90,2020-06-28,9005.88,9183.75,8936.56,9115.63,0.0
91,2020-06-29,9115.63,9232.18,9021.08,9186.67,0.0
92,2020-06-30,9186.67,9200.29,9066.93,9134.58,0.0
93,2020-07-01,9134.58,9294.7,9096.62,9236.67,0.0
94,2020-07-02,9236.67,9265.12,8955.83,9092.23,0.0
95,2020-07-03,9092.23,9123.39,9052.41,9063.48,0.0
96,2020-07-04,9063.48,9193.34,9046.67,9138.51,0.0
97,2020-07-05,9138.51,9145.5,8938.55,9075.6,0.0
98,2020-07-06,9075.6,9357.16,9061.89,9345.76,0.0
99,2020-07-07,9345.76,9374.61,9205.67,9255.55,0.0
100,2020-07-08,9255.55,9476.01,9233.94,9436.22,0.0
101,2020-07-09,9436.22,9445.85,9168.64,9235.92,0.0
102,2020-07-10,9235.92,9314.31,9125.86,9287.29,0.0
103,2020-07-11,9287.29,9300.18,9183.99,9236.65,0.0
104,2020-07-12,9236.65,9329.92,9166.11,9304.77,0.0
105,2020-07-13,9304.77,9332.25,9201.83,9235.01,0.0
106,2020-07-14,9235.01,9278.86,9107.3,9254.26,0.0
107,2020-07-15,9254.26,9273.16,9161.85,9190.12,0.0
108,2020-07-16,9190.12,9215.07,9039.62,9131.49,0.0
109,2020-07-17,9131.49,9178.81,9077.03,9155.4,0.0
110,2020-07-18,9155.4,9206.26,9123.92,9176.64,0.0
111,2020-07-19,9176.64,9234.03,9112.03,9212.43,0.0
112,2020-07-20,9212.43,9221.53,9139.93,9161.74,0.0
113,2020-07-21,9161.74,9430.59,9159.15,9392.7,0.0
114,2020-07-22,9392.7,9557.22,9299.79,9537.84,0.0
115,2020-07-23,9537.84,9665.34,9470.35,9615.22,0.0
116,2020-07-24,9615.22,9647.09,9476.81,9549.56,0.0
117,2020-07-25,9549.56,9744.81,9535.82,9711.16,0.0
118,2020-07-26,9711.16,10146.95,9663.6,9942.83,0.0
119,2020-07-27,9942.83,11399.46,9936.13,11047.55,0.0
120,2020-07-28,11047.55,11256.25,10587.22,10936.75,0.0
121,2020-07-29,10936.75,11346.3,10858.49,11110.65,0.0
122,2020-07-30,11110.65,11186.52,10865.62,11114.04,0.0
123,2020-07-31,11114.04,11454.33,10979.49,11354.18,0.0
124,2020-08-01,11354.18,11882.93,11239.79,11813.78,0.0
125,2020-08-02,11813.78,12096.74,10696.53,11070.1,0.0
126,2020-08-03,11070.1,11479.34,10979.01,11234.76,0.0
127,2020-08-04,11234.76,11417.5,11036.95,11194.73,0.0
128,2020-08-05,11194.73,11794.27,11106.98,11756.0,0.0
129,2020-08-06,11756.0,11909.33,11586.15,11771.99,0.0
130,2020-08-07,11771.99,11913.91,11376.24,11603.69,0.0
131,2020-08-08,11603.69,11817.02,11545.58,11775.94,0.0
132,2020-08-09,11775.94,11806.13,11535.37,11685.76,0.0
133,2020-08-10,11685.76,12076.76,11587.38,11897.43,0.0
134,2020-08-11,11897.43,11942.56,11149.98,11390.59,0.0
135,2020-08-12,11390.59,11620.72,11178.26,11565.9,0.0
136,2020-08-13,11565.9,11794.61,11277.71,11794.61,0.0
137,2020-08-14,11794.61,11858.24,11664.59,11779.39,0.0
138,2020-08-15,11779.39,11985.04,11738.76,11855.72,0.0
139,2020-08-16,11855.72,11935.73,11700.5,11916.43,0.0
140,2020-08-17,11916.43,12467.6,11776.56,12301.32,0.0
141,2020-08-18,12301.32,12399.76,11844.34,11954.05,0.0
142,2020-08-19,11954.05,12021.71,11622.25,11758.21,0.0
143,2020-08-20,11758.21,11890.54,11680.7,11861.82,0.0
144,2020-08-21,11861.82,11884.21,11491.83,11530.48,0.0
145,2020-08-22,11530.48,11690.11,11376.16,11670.32,0.0
146,2020-08-23,11670.32,11711.4,11526.79,11647.33,0.0
147,2020-08-24,11647.33,11823.8,11597.56,11757.83,0.0
148,2020-08-25,11757.83,11767.94,11124.13,11326.9,0.0
149,2020-08-26,11326.9,11541.04,11254.92,11466.29,0.0
150,2020-08-27,11466.29,11586.92,11139.31,11330.03,0.0
151,2020-08-28,11330.03,11548.5,11280.58,11535.79,0.0
152,2020-08-29,11535.79,11585.69,11434.11,11473.01,0.0
153,2020-08-30,11473.01,11714.22,11463.26,11712.49,0.0
154,2020-08-31,11712.49,11774.21,11579.33,11655.0,0.0
155,2020-09-01,11655.0,12059.65,11559.72,11924.09,0.0
156,2020-09-02,11924.09,11952.46,11212.86,11396.96,0.0
157,2020-09-03,11396.96,11448.47,10017.68,10166.26,0.0
158,2020-09-04,10166.26,10622.27,10023.94,10456.32,0.0
159,2020-09-05,10456.32,10559.55,9871.6,10167.78,0.0
160,2020-09-06,10167.78,10350.68,10006.93,10259.01,0.0
161,2020-09-07,10259.01,10403.37,9890.79,10376.07,0.0
162,2020-09-08,10376.07,10440.63,9874.58,10124.83,0.0
163,2020-09-09,10124.83,10348.64,9983.81,10228.68,0.0
164,2020-09-10,10228.68,10481.97,10229.59,10342.91,0.0
165,2020-09-11,10342.91,10409.07,10212.1,10393.73,0.0
166,2020-09-12,10393.73,10476.64,10281.0,10444.92,0.0
167,2020-09-13,10444.92,10570.69,10218.86,10335.77,0.0
168,2020-09-14,10335.77,10759.32,10252.02,10677.55,0.0
169,2020-09-15,10677.55,10938.17,10630.79,10783.79,0.0
170,2020-09-16,10783.79,11098.71,10671.65,10955.58,0.0
171,2020-09-17,10955.58,11044.64,10756.34,10942.04,0.0
172,2020-09-18,10942.04,11027.82,10819.15,10934.36,0.0
173,2020-09-19,10934.36,11163.14,10892.72,11078.61,0.0
174,2020-09-20,11078.61,11076.28,10774.74,10922.2,0.0
175,2020-09-21,10922.2,10988.87,10302.77,10414.06,0.0
176,2020-09-22,10414.06,10573.4,10360.96,10532.72,0.0
177,2020-09-23,10532.72,10537.78,10141.92,10234.26,0.0
178,2020-09-24,10234.26,10789.89,10199.16,10742.02,0.0
179,2020-09-25,10742.02,10759.81,10559.05,10690.17,0.0
180,2020-09-26,10690.17,10810.51,10657.44,10729.55,0.0
181,2020-09-27,10729.55,10802.34,10595.31,10779.43,0.0
182,2020-09-28,10779.43,10943.52,10673.16,10692.52,0.0
183,2020-09-29,10692.52,10856.09,10640.92,10838.58,0.0
184,2020-09-30,10838.58,10845.45,10659.72,10778.93,0.0
185,2020-10-01,10778.93,10913.36,10460.67,10620.17,0.0
186,2020-10-02,10620.17,10661.44,10395.56,10575.83,0.0
187,2020-10-03,10575.83,10596.41,10504.67,10552.66,0.0
188,2020-10-04,10552.66,10696.59,10525.07,10670.37,0.0
189,2020-10-05,10670.37,10795.0,10628.16,10795.0,0.0
190,2020-10-06,10795.0,10799.07,10525.44,10604.5,0.0
191,2020-10-07,10604.5,10680.68,10548.08,10669.81,0.0
192,2020-10-08,10669.81,10939.56,10539.44,10929.15,0.0
193,2020-10-09,10929.15,11100.66,10837.69,11054.54,0.0
194,2020-10-10,11054.54,11462.32,11060.15,11300.35,0.0
195,2020-10-11,11300.35,11431.85,11279.96,11373.47,0.0
196,2020-10-12,11373.47,11711.36,11218.76,11535.72,0.0
197,2020-10-13,11535.72,11559.78,11316.85,11428.1,0.0
198,2020-10-14,11428.1,11550.37,11298.97,11428.27,0.0
199,2020-10-15,11428.27,11600.65,11279.46,11510.23,0.0
200,2020-10-16,11510.23,11548.32,11223.2,11325.41,0.0
201,2020-10-17,11325.41,11401.75,11279.05,11366.85,0.0
202,2020-10-18,11366.85,11521.33,11354.19,11517.09,0.0
203,2020-10-19,11517.09,11818.82,11417.01,11762.3,0.0
204,2020-10-20,11762.3,12041.09,11694.05,11922.47,0.0
205,2020-10-21,11922.47,13227.95,11901.62,12805.34,0.0
206,2020-10-22,12805.34,13200.25,12710.63,12985.14,0.0
207,2020-10-23,12985.14,13033.13,12742.92,12939.34,0.0
208,2020-10-24,12939.34,13173.46,12893.78,13124.49,0.0
209,2020-10-25,13124.49,13356.61,12914.29,13042.05,0.0
210,2020-10-26,13042.05,13243.47,12815.22,13067.76,0.0
211,2020-10-27,13067.76,13781.45,13059.86,13647.9,0.0
212,2020-10-28,13647.9,13853.03,12924.46,13277.89,0.0
213,2020-10-29,13277.89,13641.79,12992.01,13464.22,0.0
214,2020-10-30,13464.22,13674.89,13138.76,13566.82,0.0
215,2020-10-31,13566.82,14056.66,13427.43,13810.45,0.0
216,2020-11-01,13810.45,13895.6,13642.93,13766.8,0.0
217,2020-11-02,13766.8,13837.92,13246.02,13563.47,0.0
218,2020-11-03,13563.47,14068.91,13307.1,14038.69,0.0
219,2020-11-04,14038.69,14246.48,13553.47,14161.04,0.0
220,2020-11-05,14161.04,15756.79,14115.25,15606.63,0.0
221,2020-11-06,15606.63,15971.59,15226.58,15599.02,0.0
222,2020-11-07,15599.02,15775.2,14351.01,14836.53,0.0
223,2020-11-08,14836.53,15664.07,14742.62,15486.03,0.0
224,2020-11-09,15486.03,15848.71,14845.0,15337.15,0.0
225,2020-11-10,15337.15,15473.0,15100.22,15314.34,0.0
226,2020-11-11,15314.34,15990.0,15294.18,15706.84,0.0
227,2020-11-12,15706.84,16355.33,15513.45,16305.41,0.0
228,2020-11-13,16305.41,16488.33,15982.48,16337.57,0.0
229,2020-11-14,16337.57,16339.01,15743.43,16084.18,0.0
230,2020-11-15,16084.18,16154.64,15795.98,15971.19,0.0
231,2020-11-16,15971.19,16887.38,15882.43,16725.63,0.0
232,2020-11-17,16725.63,17860.05,16581.4,17679.99,0.0
233,2020-11-18,17679.99,18472.58,17289.26,17784.43,0.0
234,2020-11-19,17784.43,18178.44,17382.62,17823.53,0.0
235,2020-11-20,17823.53,18817.92,17765.4,18681.45,0.0
236,2020-11-21,18681.45,18977.13,18461.03,18723.11,0.0
237,2020-11-22,18723.11,18771.29,17650.01,18436.43,0.0
238,2020-11-23,18436.43,18782.04,18016.03,18384.08,0.0
239,2020-11-24,18384.08,19440.47,18122.13,19166.85,0.0
240,2020-11-25,19166.85,19494.22,18528.94,18727.18,0.0
241,2020-11-26,18727.18,18896.53,16216.51,17165.04,0.0
242,2020-11-27,17165.04,17456.85,16487.96,17154.17,0.0
243,2020-11-28,17154.17,17898.01,16880.87,17740.82,0.0
244,2020-11-29,17740.82,18337.85,17548.87,18197.04,0.0
245,2020-11-30,18197.04,19854.22,18228.45,19707.06,0.0
246,2020-12-01,19707.06,19906.09,18235.86,18777.2,0.0
247,2020-12-02,18777.2,19334.08,18348.09,19226.09,0.0
248,2020-12-03,19226.09,19616.43,18911.56,19448.52,0.0
249,2020-12-04,19448.52,19534.52,18584.82,18665.93,0.0
250,2020-12-05,18665.93,19178.29,18519.22,19160.56,0.0
251,2020-12-06,19160.56,19415.15,18889.21,19378.09,0.0
252,2020-12-07,19378.09,19423.88,18917.86,19175.61,0.0
253,2020-12-08,19175.61,19298.6,18223.15,18316.33,0.0
254,2020-12-09,18316.33,18643.67,17651.49,18551.6,0.0
255,2020-12-10,18551.6,18558.65,17929.03,18251.87,0.0
256,2020-12-11,18251.87,18283.6,17589.58,18041.08,0.0
257,2020-12-12,18041.08,18929.08,18044.65,18818.46,0.0
258,2020-12-13,18818.46,19415.29,18735.65,19164.51,0.0
259,2020-12-14,19164.51,19343.8,19004.36,19273.35,0.0
260,2020-12-15,19273.35,19557.64,19073.56,19439.74,0.0
261,2020-12-16,19439.74,21553.31,19314.03,21362.68,0.0
262,2020-12-17,21362.68,23737.48,21258.15,22820.36,0.0
263,2020-12-18,22820.36,23278.89,22398.34,23136.95,0.0
264,2020-12-19,23136.95,24160.23,22794.51,23846.49,0.0
265,2020-12-20,23846.49,24257.37,23107.27,23473.68,0.0
266,2020-12-21,23473.68,24106.53,22097.99,22730.71,0.0
267,2020-12-22,22730.71,23833.79,22396.15,23829.19,0.0
268,2020-12-23,23829.19,24071.13,22698.63,23238.03,0.0
269,2020-12-24,23238.03,23766.87,22723.49,23722.12,0.0
270,2020-12-25,23722.12,24759.46,23413.18,24704.93,0.0
271,2020-12-26,24704.93,26774.68,24510.86,26470.82,0.0
272,2020-12-27,26470.82,28342.83,25776.97,26259.13,0.0
273,2020-12-28,26259.13,27419.86,26137.35,27039.14,0.0
274,2020-12-29,27039.14,27394.22,25904.62,27368.18,0.0
275,2020-12-30,27368.18,28998.69,27405.2,28889.36,0.0
276,2020-12-31,28889.36,29305.21,28018.17,28991.44,0.0
277,2021-01-01,28991.44,29676.74,28786.4,29407.74,0.0
278,2021-01-02,29407.74,33248.93,29061.58,32221.22,0.0
279,2021-01-03,32221.22,34803.02,32050.34,33089.25,0.0
280,2021-01-04,33089.25,33649.82,27969.42,32012.94,0.0
281,2021-01-05,32012.94,34494.28,29982.18,34034.85,0.0
282,2021-01-06,34034.85,37005.0,33389.62,36854.6,0.0
283,2021-01-07,36854.6,40363.81,36443.13,39508.03,0.0
284,2021-01-08,39508.03,41959.65,36676.68,40666.11,0.0
285,2021-01-09,40666.11,41404.91,38817.18,40248.2,0.0
286,2021-01-10,40248.2,41434.98,35077.63,38172.65,0.0
287,2021-01-11,38172.65,38251.71,30215.45,35454.09,0.0
288,2021-01-12,35454.09,36597.54,32528.17,34037.0,0.0
289,2021-01-13,34037.0,37795.61,32446.75,37393.57,0.0
290,2021-01-14,37393.57,40059.01,36785.46,39129.75,0.0
291,2021-01-15,39129.75,39666.21,34399.7,36755.62,0.0
292,2021-01-16,36755.62,37917.96,35479.89,36003.47,0.0
293,2021-01-17,36003.47,36797.39,33927.4,35819.63,0.0
294,2021-01-18,35819.63,37388.5,34830.42,36620.59,0.0
295,2021-01-19,36620.59,37816.39,35917.45,35917.45,0.0
296,2021-01-20,35917.45,36419.93,33484.8,35500.0,0.0
297,2021-01-21,35500.0,35599.95,30100.01,30837.07,0.0
298,2021-01-22,30837.07,33849.08,28800.8,32988.5,0.0
299,2021-01-23,32988.5,33440.14,31442.5,32114.75,0.0
300,2021-01-24,32114.75,33072.88,31001.46,32288.7,0.0
301,2021-01-25,32288.7,34842.16,31940.58,32261.54,0.0
302,2021-01-26,32261.54,32894.52,30880.29,32507.68,0.0
303,2021-01-27,32507.68,32579.91,29262.64,30415.88,0.0
304,2021-01-28,30415.88,33852.86,29949.19,33486.93,0.0
305,2021-01-29,33486.93,38621.61,31990.0,34255.88,0.0
306,2021-01-30,34255.88,34900.96,32879.29,34319.32,0.0
307,2021-01-31,34319.32,34376.23,32222.05,33139.56,0.0
308,2021-02-01,33139.56,34704.63,32394.78,33532.96,0.0
309,2021-02-02,33532.96,35991.08,33460.11,35517.42,0.0
310,2021-02-03,35517.42,37685.0,35442.79,37685.0,0.0
311,2021-02-04,37685.0,38727.59,36257.53,36985.66,0.0
312,2021-02-05,36985.66,38331.32,36641.29,38315.75,0.0
313,2021-02-06,38315.75,40994.1,38258.65,39273.77,0.0
314,2021-02-07,39273.77,39700.61,37422.11,38864.23,0.0
315,2021-02-08,38864.23,46491.96,38098.32,46432.28,0.0
316,2021-02-09,46432.28,48196.08,45061.14,46509.97,0.0
317,2021-02-10,46509.97,47330.98,43814.01,44852.32,0.0
318,2021-02-11,44852.32,48648.5,44054.29,47989.7,0.0
319,2021-02-12,47989.7,48888.73,46346.32,47402.09,0.0
320,2021-02-13,47402.09,48145.21,46341.31,47235.74,0.0
321,2021-02-14,47235.74,49698.87,47151.15,48671.6,0.0
322,2021-02-15,48671.6,49025.92,46054.27,47939.47,0.0
323,2021-02-16,47939.47,50491.24,47110.18,49162.62,0.0
324,2021-02-17,49162.62,52628.42,48994.02,52172.15,0.0
325,2021-02-18,52172.15,52550.81,50918.62,51590.64,0.0
326,2021-02-19,51590.64,56367.26,50758.15,55986.07,0.0
327,2021-02-20,55986.07,57523.84,54200.01,55929.78,0.0
328,2021-02-21,55929.78,58357.38,55551.29,57491.04,0.0
329,2021-02-22,57491.04,57547.23,47500.0,54157.89,0.0
330,2021-02-23,54157.89,54139.81,45005.93,48893.96,0.0
331,2021-02-24,48893.96,51364.29,47040.23,49745.91,0.0
332,2021-02-25,49745.91,52073.39,46822.36,47073.53,0.0
333,2021-02-26,47073.53,48451.88,44177.67,46320.52,0.0
334,2021-02-27,46320.52,48324.51,45135.14,46145.37,0.0
335,2021-02-28,46145.37,46606.9,43155.33,45236.36,0.0
336,2021-03-01,45236.36,49814.72,45054.45,49634.37,0.0
337,2021-03-02,49634.37,50245.56,47147.27,48513.98,0.0
338,2021-03-03,48513.98,52581.98,48172.77,50369.84,0.0
339,2021-03-04,50369.84,51781.92,47535.82,48364.51,0.0
340,2021-03-05,48364.51,49435.69,46321.75,48754.34,0.0
341,2021-03-06,48754.34,49197.36,47123.37,48907.24,0.0
342,2021-03-07,48907.24,51430.46,48997.21,50972.96,0.0
343,2021-03-08,50972.96,52421.52,49329.31,52421.52,0.0
344,2021-03-09,52421.52,54922.7,51966.91,54922.7,0.0
345,2021-03-10,54922.7,57343.04,53110.18,55871.49,0.0
346,2021-03-11,55871.49,58118.96,54365.57,57793.78,0.0
347,2021-03-12,57793.78,58026.41,55161.0,57248.48,0.0
348,2021-03-13,57248.48,61768.45,56120.15,61171.85,0.0
349,2021-03-14,61171.85,61680.27,58994.55,58994.55,0.0
350,2021-03-15,58994.55,60559.63,55156.63,55640.26,0.0
351,2021-03-16,55640.26,56917.73,53246.01,56917.73,0.0
352,2021-03-17,56917.73,58955.08,54264.58,58913.67,0.0
353,2021-03-18,58913.67,60078.85,57061.86,57646.5,0.0
354,2021-03-19,57646.5,59430.88,56300.76,58055.83,0.0
355,2021-03-20,58055.83,59860.67,57887.18,58127.55,0.0
356,2021-03-21,58127.55,58601.49,55549.08,57372.56,0.0
357,2021-03-22,57372.56,58349.66,53790.58,54090.5,0.0
358,2021-03-23,54090.5,55823.78,53110.13,54353.56,0.0
359,2021-03-24,54353.56,57148.0,51737.22,52281.84,0.0
360,2021-03-25,52281.84,53199.83,50413.16,51325.56,0.0
361,2021-03-26,51325.56,55096.73,51370.9,55076.91,0.0
362,2021-03-27,55076.91,56615.95,54000.0,55847.98,0.0
363,2021-03-28,55847.98,56536.96,54690.37,55784.87,0.0
364,2021-03-29,55784.87,58301.22,54920.92,57606.79,0.0
365,2021-03-30,57606.79,59375.79,57030.36,58773.53,0.0
366,2021-03-31,58773.53,59803.49,57032.84,58791.29,0.0
367,2021-04-01,58791.29,59449.17,57940.51,58727.51,0.0
368,2021-04-02,58727.51,60067.53,58488.49,58992.32,0.0
369,2021-04-03,58992.32,59765.91,56996.65,57079.38,0.0
370,2021-04-04,57079.38,58468.57,56500.13,58214.06,0.0
371,2021-04-05,58214.06,59230.08,56881.44,59124.01,0.0
372,2021-04-06,59124.01,59447.88,57380.57,58019.14,0.0
373,2021-04-07,58019.14,58631.95,55449.52,55944.29,0.0
374,2021-04-08,55944.29,58133.38,55728.52,58089.85,0.0
375,2021-04-09,58089.85,58878.37,57685.81,58101.12,0.0
376,2021-04-10,58101.12,61163.48,57882.96,59772.77,0.0
377,2021-04-11,59772.77,60628.6,59199.58,59982.26,0.0
378,2021-04-12,59982.26,61185.02,59573.42,59835.74,0.0
379,2021-04-13,59835.74,63739.96,59825.41,63576.35,0.0
380,2021-04-14,63576.35,64858.7,61329.45,62978.95,0.0
381,2021-04-15,62978.95,63760.74,62041.24,63234.12,0.0
382,2021-04-16,63234.12,63569.84,60097.6,61431.76,0.0
383,2021-04-17,61431.76,62544.77,59774.37,60045.58,0.0
384,2021-04-18,60045.58,60428.81,52365.22,56277.51,0.0
385,2021-04-19,56277.51,57602.65,54308.08,55695.69,0.0
386,2021-04-20,55695.69,57099.53,53447.91,56501.24,0.0
387,2021-04-21,56501.24,56809.09,53648.94,53803.55,0.0
388,2021-04-22,53803.55,55429.92,50528.68,51692.77,0.0
389,2021-04-23,51692.77,52105.11,47602.68,51181.96,0.0
390,2021-04-24,51181.96,51229.54,48783.35,50104.05,0.0
391,2021-04-25,50104.05,50586.21,47070.42,49124.72,0.0
392,2021-04-26,49124.72,54382.0,48833.05,54063.51,0.0
393,2021-04-27,54063.51,55481.38,53384.79,55080.51,0.0
394,2021-04-28,55080.51,56423.72,53902.33,54898.0,0.0
395,2021-04-29,54898.0,55203.11,52410.01,53586.99,0.0
396,2021-04-30,53586.99,58013.17,53107.47,57787.02,0.0
397,2021-05-01,57787.02,58533.55,57072.87,57855.6,0.0
398,2021-05-02,57855.6,57965.82,56136.57,56623.93,0.0
399,2021-05-03,56623.93,58974.79,56603.21,57217.55,0.0
400,2021-05-04,57217.55,57212.17,53221.79,53239.38,0.0
401,2021-05-05,53239.38,57935.63,53011.04,57512.81,0.0
402,2021-05-06,57512.81,58410.03,55341.42,56444.03,0.0
403,2021-05-07,56444.03,58667.57,55316.5,57381.06,0.0
404,2021-05-08,57381.06,59517.82,57000.3,58971.4,0.0
405,2021-05-09,58971.4,59276.71,56423.89,58308.91,0.0
406,2021-05-10,58308.91,59580.96,54138.42,55873.57,0.0
407,2021-05-11,55873.57,56940.15,54607.78,56759.77,0.0
408,2021-05-12,56759.77,57983.94,48691.37,49417.58,0.0
409,2021-05-13,49417.58,51378.05,46333.63,49692.54,0.0
410,2021-05-14,49692.54,51570.78,48911.68,49886.96,0.0
411,2021-05-15,49886.96,50678.13,46655.05,46742.2,0.0
412,2021-05-16,46742.2,49775.99,43875.38,46447.77,0.0
413,2021-05-17,46447.77,46587.95,42174.13,43586.95,0.0
414,2021-05-18,43586.95,45796.87,42349.59,42867.45,0.0
415,2021-05-19,42867.45,43587.3,30472.0,36755.84,0.0
416,2021-05-20,36755.84,42519.81,35045.27,40632.11,0.0
417,2021-05-21,40632.11,42207.46,33562.45,37337.96,0.0
418,2021-05-22,37337.96,38828.49,35390.89,37488.68,0.0
419,2021-05-23,37488.68,38270.5,31192.59,34724.66,0.0
420,2021-05-24,34724.66,39844.91,34474.09,38859.21,0.0
421,2021-05-25,38859.21,39814.51,36576.24,38379.77,0.0
422,2021-05-26,38379.77,40873.54,37880.89,39301.39,0.0
423,2021-05-27,39301.39,40401.52,37232.52,38530.18,0.0
424,2021-05-28,38530.18,38857.28,34719.48,35686.46,0.0
425,2021-05-29,35686.46,37227.61,33678.34,34628.64,0.0
426,2021-05-30,34628.64,36405.49,33518.54,35673.58,0.0
427,2021-05-31,35673.58,37493.7,34243.6,37310.36,0.0
428,2021-06-01,37310.36,37914.16,35725.86,36689.15,0.0
429,2021-06-02,36689.15,38236.28,35977.54,37583.64,0.0
430,2021-06-03,37583.64,39462.07,37241.27,39234.21,0.0
431,2021-06-04,39234.21,39217.65,35608.0,36871.92,0.0
432,2021-06-05,36871.92,37915.02,34871.39,35535.82,0.0
433,2021-06-06,35535.82,36436.99,35285.48,35804.67,0.0
434,2021-06-07,35804.67,36783.32,33399.67,33579.27,0.0
435,2021-06-08,33579.27,34017.23,31068.95,33406.91,0.0
436,2021-06-09,33406.91,37544.61,32434.69,37401.93,0.0
437,2021-06-10,37401.93,38342.2,35830.92,36700.79,0.0
438,2021-06-11,36700.79,37673.96,35975.23,37339.78,0.0
439,2021-06-12,37339.78,37415.75,34714.17,35548.38,0.0
440,2021-06-13,35548.38,39379.44,34856.16,39014.5,0.0
441,2021-06-14,39014.5,40957.13,38773.38,40536.13,0.0
442,2021-06-15,40536.13,41314.43,39614.24,40166.92,0.0
443,2021-06-16,40166.92,40481.54,38155.75,38352.5,0.0
444,2021-06-17,38352.5,39533.8,37445.46,38096.43,0.0
445,2021-06-18,38096.43,38180.54,35215.05,35840.91,0.0
446,2021-06-19,35840.91,36418.51,34889.11,35495.93,0.0
447,2021-06-20,35495.93,36052.73,33392.71,35587.78,0.0
448,2021-06-21,35587.78,35688.98,31266.17,31621.99,0.0
449,2021-06-22,31621.99,33316.02,28848.29,32541.82,0.0
450,2021-06-23,32541.82,34827.56,31745.48,33670.32,0.0
451,2021-06-24,33670.32,35214.49,32355.39,34651.95,0.0
452,2021-06-25,34651.95,35494.37,31297.51,31596.19,0.0
453,2021-06-26,31596.19,32646.82,30185.75,32272.29,0.0
454,2021-06-27,32272.29,34704.36,32030.78,34704.36,0.0
455,2021-06-28,34704.36,35206.29,33952.96,34490.17,0.0
456,2021-06-29,34490.17,36548.28,34243.22,35906.11,0.0
457,2021-06-30,35906.11,36086.75,34077.29,35048.61,0.0
458,2021-07-01,35048.61,35010.42,32818.61,33540.16,0.0
459,2021-07-02,33540.16,33960.67,32753.55,33808.29,0.0
460,2021-07-03,33808.29,34943.56,33382.51,34685.23,0.0
461,2021-07-04,34685.23,35955.5,34418.83,35286.63,0.0
462,2021-07-05,35286.63,35119.7,33163.66,33701.0,0.0
463,2021-07-06,33701.0,35043.66,33601.66,34234.91,0.0
464,2021-07-07,34234.91,35047.96,33832.5,33880.52,0.0
465,2021-07-08,33880.52,33899.72,32166.01,32887.37,0.0
466,2021-07-09,32887.37,34039.71,32313.74,33825.35,0.0
467,2021-07-10,33825.35,34243.48,33108.09,33516.48,0.0
468,2021-07-11,33516.48,34597.2,33338.64,34258.88,0.0
469,2021-07-12,34258.88,34614.18,32680.54,33098.05,0.0
470,2021-07-13,33098.05,33308.86,32250.91,32731.07,0.0
471,2021-07-14,32731.07,33053.02,31639.13,32819.97,0.0
472,2021-07-15,32819.97,33153.91,31159.41,31858.67,0.0
473,2021-07-16,31858.67,32228.62,31083.51,31388.12,0.0
474,2021-07-17,31388.12,31921.15,31206.49,31531.79,0.0
475,2021-07-18,31531.79,32409.48,31165.44,31782.45,0.0
476,2021-07-19,31782.45,31866.59,30549.65,30835.66,0.0
477,2021-07-20,30835.66,31002.27,29333.57,29791.37,0.0
478,2021-07-21,29791.37,32763.37,29515.74,32136.82,0.0
479,2021-07-22,32136.82,32585.31,31735.39,32294.31,0.0
480,2021-07-23,32294.31,33665.71,32047.88,33665.71,0.0
481,2021-07-24,33665.71,34511.63,33424.31,34292.39,0.0
482,2021-07-25,34292.39,35428.27,33912.11,35428.27,0.0
483,2021-07-26,35428.27,40504.36,35316.39,37277.0,0.0
484,2021-07-27,37277.0,39472.95,36455.43,39472.95,0.0
485,2021-07-28,39472.95,40847.07,38850.57,40035.71,0.0
486,2021-07-29,40035.71,40631.47,39337.28,40038.48,0.0
487,2021-07-30,40038.48,42268.99,38364.91,42236.42,0.0
488,2021-07-31,42236.42,42194.86,41123.29,41492.57,0.0
489,2021-08-01,41492.57,42570.98,39516.1,39852.21,0.0
490,2021-08-02,39852.21,40456.7,38714.95,39157.57,0.0
491,2021-08-03,39157.57,39770.7,37771.23,38184.25,0.0
492,2021-08-04,38184.25,39953.6,37538.61,39731.77,0.0
493,2021-08-05,39731.77,41399.23,37406.2,40891.71,0.0
494,2021-08-06,40891.71,43361.85,39935.64,42863.09,0.0
495,2021-08-07,42863.09,44739.27,42614.88,44625.14,0.0
496,2021-08-08,44625.14,45316.32,43368.83,43843.78,0.0
497,2021-08-09,43843.78,46466.29,42861.38,46289.19,0.0
498,2021-08-10,46289.19,46635.53,44684.68,45602.68,0.0
499,2021-08-11,45602.68,46766.15,45357.07,45546.67,0.0
500,2021-08-12,45546.67,46227.85,43821.63,44433.29,0.0
501,2021-08-13,44433.29,47864.01,44288.82,47847.11,0.0
502,2021-08-14,47847.11,48110.48,46152.02,47114.69,0.0
503,2021-08-15,47114.69,47385.9,45576.76,47021.4,0.0
504,2021-08-16,47021.4,48009.5,45686.55,45916.49,0.0
505,2021-08-17,45916.49,47148.01,44506.41,44682.97,0.0
506,2021-08-18,44682.97,45985.45,44310.4,44712.53,0.0
507,2021-08-19,44712.53,47005.49,44002.57,46765.09,0.0
508,2021-08-20,46765.09,49353.13,46667.16,49349.2,0.0
509,2021-08-21,49349.2,49754.4,48338.74,48875.68,0.0
510,2021-08-22,48875.68,49500.5,48176.68,49293.25,0.0
511,2021-08-23,49293.25,50499.26,49071.09,49533.94,0.0
512,2021-08-24,49533.94,49879.48,47639.16,47706.89,0.0
513,2021-08-25,47706.89,49231.06,47139.57,48999.54,0.0
514,2021-08-26,48999.54,49361.99,46312.76,46853.88,0.0
515,2021-08-27,46853.88,49119.29,46379.5,49089.03,0.0
516,2021-08-28,49089.03,49315.67,48450.11,48939.15,0.0
517,2021-08-29,48939.15,49648.67,47867.12,48805.65,0.0
518,2021-08-30,48805.65,48910.9,46915.42,46998.58,0.0
519,2021-08-31,46998.58,48223.95,46719.83,47134.3,0.0
520,2021-09-01,47134.3,48967.66,46547.51,48846.68,0.0
521,2021-09-02,48846.68,50373.2,48626.12,49277.08,0.0
522,2021-09-03,49277.08,51001.04,48367.78,50025.02,0.0
523,2021-09-04,50025.02,50546.28,49521.04,49943.07,0.0
524,2021-09-05,49943.07,51889.25,49516.61,51799.21,0.0
525,2021-09-06,51799.21,52742.1,51061.13,52703.51,0.0
526,2021-09-07,52703.51,52901.27,43160.85,46880.66,0.0
527,2021-09-08,46880.66,47347.73,44544.61,46076.15,0.0
528,2021-09-09,46076.15,47341.66,45558.84,46396.41,0.0
529,2021-09-10,46396.41,47029.8,44310.34,44854.42,0.0
530,2021-09-11,44854.42,45985.56,44790.78,45174.25,0.0
531,2021-09-12,45174.25,46378.89,44762.62,46029.1,0.0
532,2021-09-13,46029.1,46720.64,43577.6,44961.03,0.0
533,2021-09-14,44961.03,47210.83,44711.44,47115.2,0.0
534,2021-09-15,47115.2,48460.46,46756.71,48149.53,0.0
535,2021-09-16,48149.53,48488.45,47061.4,47756.9,0.0
536,2021-09-17,47756.9,48168.54,46769.15,47304.34,0.0
537,2021-09-18,47304.34,48777.69,47070.49,48320.65,0.0
538,2021-09-19,48320.65,48375.15,46897.71,47250.59,0.0
539,2021-09-20,47250.59,47321.16,42564.56,43024.48,0.0
540,2021-09-21,43024.48,43593.55,39697.68,40658.07,0.0
541,2021-09-22,40658.07,44014.18,40605.45,43582.32,0.0
542,2021-09-23,43582.32,44956.14,43111.13,44900.55,0.0
543,2021-09-24,44900.55,45081.98,40937.16,42848.71,0.0
544,2021-09-25,42848.71,42996.2,41732.75,42713.85,0.0
545,2021-09-26,42713.85,43917.96,40824.1,43191.38,0.0
546,2021-09-27,43191.38,44310.89,42175.71,42180.79,0.0
547,2021-09-28,42180.79,42770.53,40920.89,41037.54,0.0
548,2021-09-29,41037.54,42549.15,40766.86,41532.53,0.0
549,2021-09-30,41532.53,44106.51,41439.23,43829.43,0.0
550,2021-10-01,43829.43,48456.93,43298.84,48168.81,0.0
551,2021-10-02,48168.81,48351.59,47481.26,47671.75,0.0
552,2021-10-03,47671.75,49158.51,47124.94,48234.96,0.0
553,2021-10-04,48234.96,49496.09,46981.27,49243.84,0.0
554,2021-10-05,49243.84,51864.7,49086.76,51497.59,0.0
555,2021-10-06,51497.59,55624.34,50478.11,55342.64,0.0
556,2021-10-07,55342.64,55283.63,53483.84,53792.71,0.0
557,2021-10-08,53792.71,56001.05,53665.89,53960.52,0.0
558,2021-10-09,53960.52,55418.31,53737.86,54969.61,0.0
559,2021-10-10,54969.61,56353.31,54136.97,54702.74,0.0
560,2021-10-11,54702.74,57762.71,54494.48,57486.32,0.0
561,2021-10-12,57486.32,57662.69,54250.0,56000.3,0.0
562,2021-10-13,56000.3,57709.69,54310.14,57370.94,0.0
563,2021-10-14,57370.94,58513.87,56911.78,57365.55,0.0
564,2021-10-15,57365.55,62687.34,56885.16,61676.37,0.0
565,2021-10-16,61676.37,62327.69,60179.78,60873.84,0.0
566,2021-10-17,60873.84,61626.12,59079.76,61533.04,0.0
567,2021-10-18,61533.04,62622.59,60030.03,62038.53,0.0
568,2021-10-19,62038.53,64456.1,61405.79,64272.38,0.0
569,2021-10-20,64272.38,66947.01,63594.74,66008.43,0.0
570,2021-10-21,66008.43,66609.26,62096.34,62211.73,0.0
571,2021-10-22,62211.73,63710.0,60102.22,60695.16,0.0
572,2021-10-23,60695.16,61729.15,59768.36,61319.39,0.0
573,2021-10-24,61319.39,61472.76,59579.95,60882.32,0.0
574,2021-10-25,60882.32,63703.46,60666.52,63092.49,0.0
575,2021-10-26,63092.49,63269.24,59941.43,60332.92,0.0
576,2021-10-27,60332.92,61472.38,58140.38,58460.69,0.0
577,2021-10-28,58460.69,62319.71,58195.44,60592.21,0.0
578,2021-10-29,60592.21,62948.98,60309.45,62289.16,0.0
579,2021-10-30,62289.16,62354.91,60909.18,61912.36,0.0
580,2021-10-31,61912.36,62409.8,60048.08,61351.56,0.0
581,2021-11-01,61351.56,62474.84,59733.16,60936.2,0.0
582,2021-11-02,60936.2,64254.78,60687.49,63263.26,0.0
583,2021-11-03,63263.26,63549.66,61126.27,62933.07,0.0
584,2021-11-04,62933.07,63117.64,60789.16,61451.84,0.0
585,2021-11-05,61451.84,62584.38,60797.99,61019.03,0.0
586,2021-11-06,61019.03,61594.33,60144.23,61540.88,0.0
587,2021-11-07,61540.88,63313.98,61399.09,63304.57,0.0
588,2021-11-08,63304.57,67777.22,63425.35,67554.5,0.0
589,2021-11-09,67554.5,68530.69,66350.02,66945.19,0.0
590,2021-11-10,66945.19,68998.88,62968.02,64916.82,0.0
591,2021-11-11,64916.82,65596.41,64165.38,64814.25,0.0
592,2021-11-12,64814.25,65464.0,62329.12,64153.16,0.0
593,2021-11-13,64153.16,64953.16,63402.98,64408.77,0.0
594,2021-11-14,64408.77,65507.45,63631.87,65507.45,0.0
595,2021-11-15,65507.45,66309.81,63494.2,63615.34,0.0
596,2021-11-16,63615.34,63445.96,58684.25,60125.15,0.0
597,2021-11-17,60125.15,60780.93,58562.95,60362.58,0.0
598,2021-11-18,60362.58,60924.07,56541.25,56907.83,0.0
599,2021-11-19,56907.83,58400.88,55677.36,58125.36,0.0
600,2021-11-20,58125.36,59887.76,57476.55,59764.65,0.0
601,2021-11-21,59764.65,60033.21,58566.78,58674.84,0.0
602,2021-11-22,58674.84,59283.82,55694.47,56287.46,0.0
603,2021-11-23,56287.46,57877.63,55505.5,57573.42,0.0
604,2021-11-24,57573.42,57750.2,55923.08,57173.86,0.0
605,2021-11-25,57173.86,59415.46,57063.11,58988.71,0.0
606,2021-11-26,58988.71,59191.27,53567.86,53775.07,0.0
607,2021-11-27,53775.07,55306.39,53657.52,54766.86,0.0
608,2021-11-28,54766.86,57455.65,53550.95,57327.86,0.0
609,2021-11-29,57327.86,58881.42,56777.81,57841.59,0.0
610,2021-11-30,57841.59,59193.08,55974.04,56979.23,0.0
611,2021-12-01,56979.23,59094.86,56551.82,57239.05,0.0
612,2021-12-02,57239.05,57372.96,55863.33,56534.71,0.0
613,2021-12-03,56534.71,57543.06,52443.5,53690.87,0.0
614,2021-12-04,53690.87,53865.81,42548.53,49238.05,0.0
615,2021-12-05,49238.05,49760.39,47891.8,49473.72,0.0
616,2021-12-06,49473.72,50948.99,47275.63,50542.28,0.0
617,2021-12-07,50542.28,51947.89,50147.45,50626.4,0.0
618,2021-12-08,50626.4,51215.87,48753.52,50531.49,0.0
619,2021-12-09,50531.49,50829.17,47339.58,47580.78,0.0
620,2021-12-10,47580.78,49969.93,46985.2,47159.74,0.0
621,2021-12-11,47159.74,49498.85,46835.94,49404.15,0.0
622,2021-12-12,49404.15,50767.53,48731.82,50107.01,0.0
623,2021-12-13,50107.01,50198.88,45851.19,46724.06,0.0
624,2021-12-14,46724.06,48654.17,46354.46,48378.7,0.0
625,2021-12-15,48378.7,49497.59,46602.35,48880.81,0.0
626,2021-12-16,48880.81,49404.81,47553.79,47648.82,0.0
627,2021-12-17,47648.82,48006.69,45526.05,46188.71,0.0
628,2021-12-18,46188.71,47330.72,45551.26,46870.67,0.0
629,2021-12-19,46870.67,48269.56,46455.47,46695.93,0.0
630,2021-12-20,46695.93,47420.27,45597.49,46920.54,0.0
631,2021-12-21,46920.54,49314.57,46664.75,48922.28,0.0
632,2021-12-22,48922.28,49567.16,48473.24,48613.81,0.0
633,2021-12-23,48613.81,51363.43,48080.27,50844.5,0.0
634,2021-12-24,50844.5,51839.42,50516.97,50846.43,0.0
635,2021-12-25,50846.43,51150.94,50223.31,50435.27,0.0
636,2021-12-26,50435.27,51236.72,49596.46,50796.5,0.0
637,2021-12-27,50796.5,51987.45,50482.78,50717.94,0.0
638,2021-12-28,50717.94,50675.29,47315.37,47543.2,0.0
639,2021-12-29,47543.2,48148.24,46165.39,46477.3,0.0
640,2021-12-30,46477.3,47903.4,46007.72,47136.4,0.0
641,2021-12-31,47136.4,48566.52,45702.47,46212.81,0.0
642,2022-01-01,46212.81,47919.12,46242.88,47755.43,0.0
643,2022-01-02,47755.43,47968.22,46711.56,47324.65,0.0
644,2022-01-03,47324.65,47556.64,45743.29,46449.73,0.0
645,2022-01-04,46449.73,47483.76,45565.3,45817.31,0.0
646,2022-01-05,45817.31,46994.24,42546.2,43435.92,0.0
647,2022-01-06,43435.92,43776.3,42506.4,43090.68,0.0
648,2022-01-07,43090.68,43128.0,40713.52,41550.42,0.0
649,2022-01-08,41550.42,42313.43,40612.14,41687.81,0.0
650,2022-01-09,41687.81,42763.57,41280.0,41876.17,0.0
651,2022-01-10,41876.17,42242.34,39700.25,41834.75,0.0
652,2022-01-11,41834.75,43113.65,41312.16,42744.72,0.0
653,2022-01-12,42744.72,44299.82,42493.93,43926.94,0.0
654,2022-01-13,43926.94,44403.96,42352.67,42576.8,0.0
655,2022-01-14,42576.8,43419.48,41860.26,43096.54,0.0
656,2022-01-15,43096.54,43779.8,42617.9,43100.11,0.0
657,2022-01-16,43100.11,43472.05,42630.12,43106.02,0.0
658,2022-01-17,43106.02,43196.97,41577.43,42236.54,0.0
659,2022-01-18,42236.54,42608.7,41299.99,42373.57,0.0
660,2022-01-19,42373.57,42554.41,41206.75,41678.74,0.0
661,2022-01-20,41678.74,43508.81,40569.59,40703.5,0.0
662,2022-01-21,40703.5,41108.73,35587.21,36476.2,0.0
663,2022-01-22,36476.2,36705.53,34172.93,35078.77,0.0
664,2022-01-23,35078.77,36508.29,34682.39,36288.04,0.0
665,2022-01-24,36288.04,37430.95,33051.9,36709.16,0.0
666,2022-01-25,36709.16,37512.9,35731.39,36977.96,0.0
667,2022-01-26,36977.96,38875.76,36294.26,36834.98,0.0
668,2022-01-27,36834.98,37242.84,35539.75,37198.36,0.0
669,2022-01-28,37198.36,38002.59,36178.61,37745.13,0.0
670,2022-01-29,37745.13,38676.85,37362.29,38191.88,0.0
671,2022-01-30,38191.88,38349.14,37409.29,37921.59,0.0
672,2022-01-31,37921.59,38761.61,36694.17,38491.93,0.0
673,2022-02-01,38491.93,39247.36,38058.98,38724.96,0.0
674,2022-02-02,38724.96,38878.77,36676.96,36923.45,0.0
675,2022-02-03,36923.45,37325.01,36267.36,37325.01,0.0
676,2022-02-04,37325.01,41695.63,37063.25,41597.11,0.0
677,2022-02-05,41597.11,41919.32,40985.14,41416.29,0.0
678,2022-02-06,41416.29,42611.95,41207.13,42417.7,0.0
679,2022-02-07,42417.7,44499.67,41696.06,43868.56,0.0
680,2022-02-08,43868.56,45402.1,42730.63,44088.58,0.0
681,2022-02-09,44088.58,44821.53,43176.72,44421.6,0.0
682,2022-02-10,44421.6,45772.15,43277.43,43526.16,0.0
683,2022-02-11,43526.16,43960.23,42021.26,42396.33,0.0
684,2022-02-12,42396.33,43025.71,41808.64,42243.04,0.0
685,2022-02-13,42243.04,42741.34,41901.91,42076.37,0.0
686,2022-02-14,42076.37,42836.77,41644.95,42544.51,0.0
687,2022-02-15,42544.51,44759.29,42481.71,44583.0,0.0
688,2022-02-16,44583.0,44519.11,43394.44,43898.52,0.0
689,2022-02-17,43898.52,44190.74,40097.57,40546.42,0.0
690,2022-02-18,40546.42,40955.2,39516.09,39988.49,0.0
691,2022-02-19,39988.49,40456.87,39681.55,40105.48,0.0
692,2022-02-20,40105.48,40138.16,38042.84,38381.46,0.0
693,2022-02-21,38381.46,39472.28,36834.21,37049.8,0.0
694,2022-02-22,37049.8,38423.34,36435.79,38260.71,0.0
695,2022-02-23,38260.71,39210.23,37103.18,37271.18,0.0
696,2022-02-24,37271.18,39094.49,34356.14,38362.09,0.0
697,2022-02-25,38362.09,39693.39,38048.89,39235.06,0.0
698,2022-02-26,39235.06,40118.35,38667.11,39142.23,0.0
699,2022-02-27,39142.23,39847.78,37055.43,37714.88,0.0
700,2022-02-28,37714.88,44048.58,37474.2,43185.97,0.0
701,2022-03-01,43185.97,44936.73,42850.02,44441.96,0.0
702,2022-03-02,44441.96,45277.78,43373.13,43924.53,0.0
703,2022-03-03,43924.53,44074.93,41826.61,42470.34,0.0
704,2022-03-04,42470.34,42522.63,38609.26,39171.03,0.0
705,2022-03-05,39171.03,39582.12,38712.55,39409.61,0.0
706,2022-03-06,39409.61,39670.89,38127.29,38423.48,0.0
707,2022-03-07,38423.48,39539.57,37167.18,38005.24,0.0
708,2022-03-08,38005.24,39373.42,37883.87,38751.52,0.0
709,2022-03-09,38751.52,42576.57,38683.25,41957.0,0.0
710,2022-03-10,41957.0,42045.56,38606.53,39439.08,0.0
711,2022-03-11,39439.08,40154.39,38255.36,38730.92,0.0
712,2022-03-12,38730.92,39350.57,38666.18,38817.52,0.0
713,2022-03-13,38817.52,39257.29,37611.14,37791.78,0.0
714,2022-03-14,37791.78,39799.09,37603.36,39669.94,0.0
715,2022-03-15,39669.94,39846.13,38194.53,39300.4,0.0
716,2022-03-16,39300.4,41642.54,38973.45,41135.36,0.0
717,2022-03-17,41135.36,41447.95,40602.95,40956.78,0.0
718,2022-03-18,40956.78,42310.58,40225.56,41784.68,0.0
719,2022-03-19,41784.68,42383.93,41576.94,42233.79,0.0
720,2022-03-20,42233.79,42312.33,40964.0,41264.69,0.0
721,2022-03-21,41264.69,41521.49,40537.33,41030.43,0.0
722,2022-03-22,41030.43,43264.62,40899.23,42384.72,0.0
723,2022-03-23,42384.72,42972.84,41795.96,42912.56,0.0
724,2022-03-24,42912.56,44218.77,42707.67,44019.14,0.0
725,2022-03-25,44019.14,45112.82,43668.96,44326.23,0.0
726,2022-03-26,44326.23,44808.18,44098.8,44537.54,0.0
727,2022-03-27,44537.54,46943.6,44458.89,46857.2,0.0
728,2022-03-28,46857.2,48208.76,46673.05,47146.66,0.0
729,2022-03-29,47146.66,48082.45,47058.6,47456.61,0.0
730,2022-03-30,47456.61,47705.28,46677.85,47073.06,0.0
731,2022-03-31,47073.06,47575.21,45237.97,45522.86,0.0
732,2022-04-01,45522.86,46700.52,44291.9,46302.08,0.0
733,2022-04-02,46302.08,47213.31,45716.3,45823.27,0.0
734,2022-04-03,45823.27,47423.43,45572.93,46411.87,0.0
735,2022-04-04,46411.87,46893.24,45181.22,46597.52,0.0
736,2022-04-05,46597.52,47175.49,45396.58,45504.62,0.0
737,2022-04-06,45504.62,45525.01,43123.82,43179.15,0.0
738,2022-04-07,43179.15,43874.99,42805.53,43453.35,0.0
739,2022-04-08,43453.35,43967.59,42126.12,42276.07,0.0
740,2022-04-09,42276.07,42799.32,42135.29,42767.41,0.0
741,2022-04-10,42767.41,43421.98,41915.47,42149.91,0.0
742,2022-04-11,42149.91,42417.28,39298.65,39529.58,0.0
743,2022-04-12,39529.58,40644.1,39300.63,40091.85,0.0
744,2022-04-13,40091.85,41475.32,39588.68,41147.21,0.0
745,2022-04-14,41147.21,41496.81,39590.12,39957.81,0.0
746,2022-04-15,39957.81,40711.11,39783.12,40558.88,0.0
747,2022-04-16,40558.88,40685.79,40036.99,40391.63,0.0
748,2022-04-17,40391.63,40580.34,39587.59,39687.41,0.0
749,2022-04-18,39687.41,41080.72,38646.18,40809.09,0.0
750,2022-04-19,40809.09,41728.5,40604.54,41504.81,0.0
751,2022-04-20,41504.81,42185.54,40922.6,41376.73,0.0
752,2022-04-21,41376.73,42961.73,39961.96,40475.79,0.0
753,2022-04-22,40475.79,40792.84,39202.21,39719.14,0.0
754,2022-04-23,39719.14,39982.27,39313.86,39443.73,0.0
755,2022-04-24,39443.73,39892.9,39000.5,39465.99,0.0
756,2022-04-25,39465.99,40559.88,38288.63,40440.17,0.0
757,2022-04-26,40440.17,40729.92,37750.02,38125.74,0.0
758,2022-04-27,38125.74,39482.37,37941.24,39253.58,0.0
759,2022-04-28,39253.58,40326.59,38919.98,39748.71,0.0
760,2022-04-29,39748.71,39914.79,38202.8,38593.26,0.0
761,2022-04-30,38593.26,38776.28,37637.18,37641.95,0.0
762,2022-05-01,37641.95,38663.1,37532.29,38480.7,0.0
763,2022-05-02,38480.7,39099.91,38084.07,38515.95,0.0
764,2022-05-03,38515.95,38632.99,37521.57,37724.77,0.0
765,2022-05-04,37724.77,39974.5,37668.07,39677.4,0.0
766,2022-05-05,39677.4,39799.41,35699.03,36535.57,0.0
767,2022-05-06,36535.57,36627.16,35350.68,36009.6,0.0
768,2022-05-07,36009.6,36116.66,34881.04,35460.73,0.0
769,2022-05-08,35460.73,35469.16,33762.94,34026.71,0.0
770,2022-05-09,34026.71,34211.42,30080.14,30080.14,0.0
771,2022-05-10,30080.14,32605.6,29834.54,31001.18,0.0
772,2022-05-11,31001.18,32065.14,27745.03,28986.17,0.0
773,2022-05-12,28986.17,30070.22,25454.72,28919.07,0.0
774,2022-05-13,28919.07,30955.83,28685.98,29235.52,0.0
775,2022-05-14,29235.52,30233.72,28636.79,30037.92,0.0
776,2022-05-15,30037.92,31342.87,29474.56,31292.54,0.0
777,2022-05-16,31292.54,31266.49,29191.61,29836.2,0.0
778,2022-05-17,29836.2,30705.08,29475.7,30418.74,0.0
779,2022-05-18,30418.74,30659.48,28615.74,28677.1,0.0
780,2022-05-19,28677.1,30482.36,28660.9,30282.46,0.0
781,2022-05-20,30282.46,30700.58,28709.36,29166.23,0.0
782,2022-05-21,29166.23,29604.47,28930.01,29414.66,0.0
783,2022-05-22,29414.66,30451.7,29238.47,30262.77,0.0
784,2022-05-23,30262.77,30623.12,28898.78,29082.14,0.0
785,2022-05-24,29082.14,29791.01,28663.96,29629.29,0.0
786,2022-05-25,29629.29,30162.97,29328.45,29506.82,0.0
787,2022-05-26,29506.82,29844.08,28134.08,29174.56,0.0
788,2022-05-27,29174.56,29350.89,28255.58,28593.9,0.0
789,2022-05-28,28593.9,29197.77,28512.1,29009.91,0.0
790,2022-05-29,29009.91,29536.42,28818.52,29448.0,0.0
791,2022-05-30,29448.0,32125.25,29288.53,31721.29,0.0
792,2022-05-31,31721.29,32282.34,31208.2,31773.41,0.0
793,2022-06-01,31773.41,31953.21,29367.78,29788.27,0.0
794,2022-06-02,29788.27,30654.39,29583.18,30435.47,0.0
795,2022-06-03,30435.47,30658.93,29279.6,29670.12,0.0
796,2022-06-04,29670.12,29922.31,29463.91,29848.35,0.0
797,2022-06-05,29848.35,30133.64,29541.33,29895.26,0.0
798,2022-06-06,29895.26,31719.21,29872.42,31347.41,0.0
799,2022-06-07,31347.41,31497.95,29216.95,31111.36,0.0
800,2022-06-08,31111.36,31297.85,29863.02,30181.29,0.0
801,2022-06-09,30181.29,30652.82,29934.26,30084.32,0.0
802,2022-06-10,30084.32,30287.84,28830.62,29064.39,0.0
803,2022-06-11,29064.39,29403.14,28111.54,28389.79,0.0
804,2022-06-12,28389.79,28516.4,26570.15,26570.15,0.0
805,2022-06-13,26570.15,26808.36,21983.52,22455.7,0.0
806,2022-06-14,22455.7,23256.35,20829.28,22108.78,0.0
807,2022-06-15,22108.78,22748.98,20099.03,22558.8,0.0
808,2022-06-16,22558.8,22914.53,20211.82,20377.44,0.0
809,2022-06-17,20377.44,21293.49,20216.15,20444.28,0.0
810,2022-06-18,20444.28,20748.61,17607.02,18952.85,0.0
811,2022-06-19,18952.85,20743.0,17977.82,20552.63,0.0
812,2022-06-20,20552.63,20963.24,19630.43,20552.6,0.0
813,2022-06-21,20552.6,21688.39,20360.14,20704.63,0.0
814,2022-06-22,20704.63,20861.83,19759.3,19966.07,0.0
815,2022-06-23,19966.07,21201.64,19896.01,21098.93,0.0
816,2022-06-24,21098.93,21487.61,20737.81,21219.57,0.0
817,2022-06-25,21219.57,21535.75,20929.72,21482.42,0.0
818,2022-06-26,21482.42,21817.11,20997.83,21028.31,0.0
819,2022-06-27,21028.31,21484.93,20571.0,20712.45,0.0
820,2022-06-28,20712.45,21184.11,20185.05,20257.11,0.0
821,2022-06-29,20257.11,20398.25,19881.16,20093.98,0.0
822,2022-06-30,20093.98,20131.66,18658.2,19955.25,0.0
823,2022-07-01,19955.25,20719.5,18996.18,19246.11,0.0
824,2022-07-02,19246.11,19373.45,18980.29,19226.14,0.0
825,2022-07-03,19226.14,19603.15,18773.04,19292.9,0.0
826,2022-07-04,19292.9,20291.47,19039.81,20210.44,0.0
827,2022-07-05,20210.44,20712.22,19313.23,20161.07,0.0
828,2022-07-06,20161.07,20619.26,19775.66,20545.06,0.0
829,2022-07-07,20545.06,21832.89,20270.43,21629.08,0.0
830,2022-07-08,21629.08,22392.79,21185.5,21583.17,0.0
831,2022-07-09,21583.17,21936.13,21379.74,21586.17,0.0
832,2022-07-10,21586.17,21586.88,20696.78,20853.37,0.0
833,2022-07-11,20853.37,20817.14,19867.24,19946.07,0.0
834,2022-07-12,19946.07,20033.9,19256.29,19312.4,0.0
835,2022-07-13,19312.4,20305.97,18929.71,20226.29,0.0
836,2022-07-14,20226.29,20850.0,19647.64,20577.13,0.0
837,2022-07-15,20577.13,21178.59,20379.69,20831.47,0.0
838,2022-07-16,20831.47,21564.53,20483.74,21192.59,0.0
839,2022-07-17,21192.59,21644.25,20758.68,20796.79,0.0
840,2022-07-18,20796.79,22732.23,20759.71,22431.3,0.0
841,2022-07-19,22431.3,23743.45,21636.41,23400.04,0.0
842,2022-07-20,23400.04,24248.04,22941.8,23217.76,0.0
843,2022-07-21,23217.76,23401.11,22347.86,23158.65,0.0
844,2022-07-22,23158.65,23733.93,22520.14,22684.97,0.0
845,2022-07-23,22684.97,22999.83,21976.32,22459.69,0.0
846,2022-07-24,22459.69,22998.74,22273.54,22589.62,0.0
847,2022-07-25,22589.62,22657.84,21287.46,21309.99,0.0
848,2022-07-26,21309.99,21341.08,20743.89,21260.68,0.0
849,2022-07-27,21260.68,23067.18,21050.25,22965.82,0.0
850,2022-07-28,22965.82,24195.6,22644.11,23852.41,0.0
851,2022-07-29,23852.41,24341.05,23459.47,23784.91,0.0
852,2022-07-30,23784.91,24605.52,23541.36,23647.36,0.0
853,2022-07-31,23647.36,24151.3,23249.67,23314.99,0.0
854,2022-08-01,23314.99,23504.31,22878.71,23278.39,0.0
855,2022-08-02,23278.39,23443.2,22669.46,22995.46,0.0
856,2022-08-03,22995.46,23616.32,22705.18,22830.44,0.0
857,2022-08-04,22830.44,23219.04,22442.08,22619.59,0.0
858,2022-08-05,22619.59,23465.64,22590.31,23323.61,0.0
859,2022-08-06,23323.61,23352.64,22941.53,22958.77,0.0
860,2022-08-07,22958.77,23385.69,22863.71,23182.45,0.0
861,2022-08-08,23182.45,24234.39,23173.07,23818.67,0.0
862,2022-08-09,23818.67,23916.57,22906.52,23161.53,0.0
863,2022-08-10,23161.53,24219.46,22726.84,23964.29,0.0
864,2022-08-11,23964.29,24880.79,23873.33,23950.81,0.0
865,2022-08-12,23950.81,24448.75,23633.05,24411.09,0.0
866,2022-08-13,24411.09,24896.05,24329.0,24456.25,0.0
867,2022-08-14,24456.25,25000.04,24169.5,24318.36,0.0
868,2022-08-15,24318.36,25194.03,23801.57,24103.91,0.0
869,2022-08-16,24103.91,24243.13,23675.84,23862.47,0.0
870,2022-08-17,23862.47,24440.8,23196.63,23340.59,0.0
871,2022-08-18,23340.59,23580.91,23140.4,23195.23,0.0
872,2022-08-19,23195.23,23197.11,20826.32,20837.97,0.0
873,2022-08-20,20837.97,21360.51,20814.29,21142.61,0.0
874,2022-08-21,21142.61,21738.96,21073.3,21516.31,0.0
875,2022-08-22,21516.31,21520.12,20905.29,21404.63,0.0
876,2022-08-23,21404.63,21658.24,20908.14,21524.17,0.0
877,2022-08-24,21524.17,21883.0,21170.75,21369.56,0.0
878,2022-08-25,21369.56,21808.29,21325.56,21566.43,0.0
879,2022-08-26,21566.43,21818.7,20120.16,20245.36,0.0
880,2022-08-27,20245.36,20342.03,19856.57,20040.85,0.0
881,2022-08-28,20040.85,20148.83,19535.81,19555.52,0.0
882,2022-08-29,19555.52,20401.63,19571.33,20294.07,0.0
883,2022-08-30,20294.07,20555.25,19582.24,19816.08,0.0
884,2022-08-31,19816.08,20435.72,19816.2,20053.63,0.0
885,2022-09-01,20053.63,20199.42,19583.86,20130.86,0.0
886,2022-09-02,20130.86,20431.45,19770.66,19956.37,0.0
887,2022-09-03,19956.37,20049.07,19669.1,19837.74,0.0
888,2022-09-04,19837.74,20013.87,19605.95,20005.86,0.0
889,2022-09-05,20005.86,20037.82,19640.97,19794.29,0.0
890,2022-09-06,19794.29,20166.2,18726.35,18789.96,0.0
891,2022-09-07,18789.96,19445.22,18568.27,19284.76,0.0
892,2022-09-08,19284.76,19443.18,19029.15,19321.93,0.0
893,2022-09-09,19321.93,21528.13,19301.5,21367.75,0.0
894,2022-09-10,21367.75,21797.2,21161.92,21661.76,0.0
895,2022-09-11,21661.76,21833.36,21381.1,21833.36,0.0
896,2022-09-12,21833.36,22459.46,21579.51,22401.86,0.0
897,2022-09-13,22401.86,22708.35,19899.42,20175.89,0.0
898,2022-09-14,20175.89,20506.47,19629.69,20230.39,0.0
899,2022-09-15,20230.39,20329.7,19552.51,19697.33,0.0
900,2022-09-16,19697.33,19884.43,19350.1,19801.99,0.0
901,2022-09-17,19801.99,20178.38,19762.71,20113.68,0.0
902,2022-09-18,20113.68,20114.09,19351.58,19418.32,0.0
903,2022-09-19,19418.32,19672.53,18319.51,19539.19,0.0
904,2022-09-20,19539.19,19623.92,18770.36,18877.46,0.0
905,2022-09-21,18877.46,19774.45,18201.61,18464.32,0.0
906,2022-09-22,18464.32,19488.81,18373.52,19402.13,0.0
907,2022-09-23,19402.13,19468.76,18560.86,19290.0,0.0
908,2022-09-24,19290.0,19307.22,18814.23,18922.1,0.0
909,2022-09-25,18922.1,19163.27,18653.18,18809.31,0.0
910,2022-09-26,18809.31,19306.11,18697.65,19227.0,0.0
911,2022-09-27,19227.0,20365.31,18831.96,19076.29,0.0
912,2022-09-28,19076.29,19731.61,18503.25,19412.54,0.0
913,2022-09-29,19412.54,19614.43,18868.98,19593.79,0.0
914,2022-09-30,19593.79,20157.48,19218.15,19425.56,0.0
915,2022-10-01,19425.56,19478.27,19209.79,19313.64,0.0
916,2022-10-02,19313.64,19387.48,18936.58,19055.08,0.0
917,2022-10-03,19055.08,19675.74,18994.0,19634.73,0.0
918,2022-10-04,19634.73,20435.0,19511.75,20344.1,0.0
919,2022-10-05,20344.1,20364.2,19761.02,20161.81,0.0
920,2022-10-06,20161.81,20434.43,19881.01,19958.32,0.0
921,2022-10-07,19958.32,20051.94,19350.4,19532.53,0.0
922,2022-10-08,19532.53,19617.58,19276.38,19419.7,0.0
923,2022-10-09,19419.7,19556.33,19326.97,19444.24,0.0
924,2022-10-10,19444.24,19522.71,19073.73,19131.92,0.0
925,2022-10-11,19131.92,19256.63,18864.71,19058.56,0.0
926,2022-10-12,19058.56,19210.97,18993.61,19156.47,0.0
927,2022-10-13,19156.47,19485.98,18223.89,19377.83,0.0
928,2022-10-14,19377.83,19934.35,19094.72,19179.5,0.0
929,2022-10-15,19179.5,19221.18,19005.35,19068.12,0.0
930,2022-10-16,19068.12,19417.33,19075.71,19264.22,0.0
931,2022-10-17,19264.22,19670.18,19165.66,19548.7,0.0
932,2022-10-18,19548.7,19693.78,19104.52,19331.38,0.0
933,2022-10-19,19331.38,19346.57,19090.18,19125.09,0.0
934,2022-10-20,19125.09,19338.9,18934.32,19042.79,0.0
935,2022-10-21,19042.79,19241.18,18704.27,19165.72,0.0
936,2022-10-22,19165.72,19251.68,19120.43,19207.55,0.0
937,2022-10-23,19207.55,19681.75,19099.52,19573.22,0.0
938,2022-10-24,19573.22,19586.0,19186.22,19331.21,0.0
939,2022-10-25,19331.21,20404.5,19251.54,20086.64,0.0
940,2022-10-26,20086.64,20983.48,20066.18,20775.2,0.0
941,2022-10-27,20775.2,20872.63,20232.18,20296.49,0.0
942,2022-10-28,20296.49,20744.85,20066.44,20598.46,0.0
943,2022-10-29,20598.46,21053.45,20566.85,20822.27,0.0
944,2022-10-30,20822.27,20931.72,20527.85,20629.34,0.0
945,2022-10-31,20629.34,20815.03,20256.17,20493.97,0.0
946,2022-11-01,20493.97,20668.54,20344.13,20479.82,0.0
947,2022-11-02,20479.82,20787.5,20064.32,20152.7,0.0
948,2022-11-03,20152.7,20379.61,20061.57,20207.94,0.0
949,2022-11-04,20207.94,21258.75,20184.14,21151.03,0.0
950,2022-11-05,21151.03,21467.79,21086.42,21300.73,0.0
951,2022-11-06,21300.73,21363.31,20901.29,20908.08,0.0
952,2022-11-07,20908.08,21058.25,20401.81,20591.75,0.0
953,2022-11-08,20591.75,20669.9,17344.0,18550.13,0.0
954,2022-11-09,18550.13,18584.7,15624.18,15884.48,0.0
955,2022-11-10,15884.48,18063.7,15742.87,17552.45,0.0
956,2022-11-11,17552.45,17638.9,16369.83,17009.25,0.0
957,2022-11-12,17009.25,17050.46,16617.53,16785.67,0.0
958,2022-11-13,16785.67,16909.33,16264.54,16305.7,0.0
959,2022-11-14,16305.7,17136.64,15802.58,16589.86,0.0
960,2022-11-15,16589.86,17096.53,16516.36,16875.97,0.0
961,2022-11-16,16875.97,16980.06,16368.5,16649.62,0.0
962,2022-11-17,16649.62,16728.32,16409.74,16682.53,0.0
963,2022-11-18,16682.53,16970.63,16541.53,16681.79,0.0
964,2022-11-19,16681.79,16794.32,16552.31,16686.51,0.0
965,2022-11-20,16686.51,16727.6,16176.12,16254.27,0.0
966,2022-11-21,16254.27,16262.11,15498.24,15763.07,0.0
967,2022-11-22,15763.07,16251.26,15606.22,16198.36,0.0
968,2022-11-23,16198.36,16650.11,16148.51,16595.0,0.0
969,2022-11-24,16595.0,16773.77,16462.15,16589.31,0.0
970,2022-11-25,16589.31,16605.74,16350.98,16509.45,0.0
971,2022-11-26,16509.45,16678.87,16389.18,16452.47,0.0
972,2022-11-27,16452.47,16585.39,16406.18,16422.9,0.0
973,2022-11-28,16422.9,16475.82,16009.26,16208.14,0.0
974,2022-11-29,16208.14,16521.64,16100.81,16435.08,0.0
975,2022-11-30,16435.08,17224.64,16429.68,17168.67,0.0
976,2022-12-01,17168.67,17240.35,16870.43,16978.54,0.0
977,2022-12-02,16978.54,17094.86,16816.98,17094.86,0.0
978,2022-12-03,17094.86,17134.89,16874.29,16887.27,0.0
979,2022-12-04,16887.27,17155.22,16884.84,17111.45,0.0
980,2022-12-05,17111.45,17416.96,16888.85,16967.03,0.0
981,2022-12-06,16967.03,17099.65,16916.96,17088.03,0.0
982,2022-12-07,17088.03,17121.85,16738.96,16838.0,0.0
983,2022-12-08,16838.0,17288.17,16769.44,17227.5,0.0
984,2022-12-09,17227.5,17282.32,17078.55,17129.29,0.0
985,2022-12-10,17129.29,17215.9,17108.54,17128.05,0.0
986,2022-12-11,17128.05,17254.97,17079.83,17088.96,0.0
987,2022-12-12,17088.96,17238.5,16882.47,17210.33,0.0
988,2022-12-13,17210.33,17948.04,17098.29,17772.59,0.0
989,2022-12-14,17772.59,18349.47,17695.39,17803.99,0.0
990,2022-12-15,17803.99,17847.83,17304.29,17359.98,0.0
991,2022-12-16,17359.98,17522.96,16565.06,16632.82,0.0
992,2022-12-17,16632.82,16796.63,16595.18,16781.63,0.0
993,2022-12-18,16781.63,16822.14,16673.08,16745.08,0.0
994,2022-12-19,16745.08,16812.96,16321.65,16442.87,0.0
995,2022-12-20,16442.87,17027.42,16404.49,16897.83,0.0
996,2022-12-21,16897.83,16919.61,16738.11,16825.28,0.0
997,2022-12-22,16825.28,16861.57,16571.27,16818.25,0.0
998,2022-12-23,16818.25,16920.37,16764.67,16778.11,0.0
999,2022-12-24,16778.11,16850.29,16777.89,16838.06,0.0
1000,2022-12-25,16838.06,16849.96,16737.68,16828.51,0.0
1001,2022-12-26,16828.51,16924.63,16799.55,16917.48,0.0
1002,2022-12-27,16917.48,16960.63,16610.17,16699.36,0.0
1003,2022-12-28,16699.36,16770.21,16469.0,16539.83,0.0
1004,2022-12-29,16539.83,16649.04,16487.58,16627.77,0.0
1005,2022-12-30,16627.77,16637.06,16378.26,16601.55,0.0
1006,2022-12-31,16601.55,16627.95,16468.79,16529.92,0.0
1007,2023-01-01,16529.92,16618.15,16497.95,16613.29,0.0
1008,2023-01-02,16613.29,16760.83,16550.13,16669.97,0.0
1009,2023-01-03,16669.97,16762.03,16604.02,16669.74,0.0
1010,2023-01-04,16669.74,16978.22,16651.67,16846.71,0.0
1011,2023-01-05,16846.71,16869.97,16764.94,16825.85,0.0
1012,2023-01-06,16825.85,17010.11,16686.93,16949.03,0.0
1013,2023-01-07,16949.03,16975.53,16906.57,16943.68,0.0
1014,2023-01-08,16943.68,17122.09,16913.17,17122.09,0.0
1015,2023-01-09,17122.09,17390.49,17107.65,17178.49,0.0
1016,2023-01-10,17178.49,17489.51,17149.42,17444.75,0.0
1017,2023-01-11,17444.75,17979.14,17319.57,17937.14,0.0
1018,2023-01-12,17937.14,19058.05,17917.72,18850.38,0.0
1019,2023-01-13,18850.38,19986.87,18718.84,19932.94,0.0
1020,2023-01-14,19932.94,21234.7,19901.21,20958.51,0.0
1021,2023-01-15,20958.51,21029.96,20588.37,20882.35,0.0
1022,2023-01-16,20882.35,21409.91,20675.96,21188.25,0.0
1023,2023-01-17,21188.25,21505.02,20935.76,21135.17,0.0
1024,2023-01-18,21135.17,21587.38,20420.86,20672.15,0.0
1025,2023-01-19,20672.15,21180.72,20670.83,21085.11,0.0
1026,2023-01-20,21085.11,22731.48,20892.57,22673.91,0.0
1027,2023-01-21,22673.91,23312.68,22482.4,22786.18,0.0
1028,2023-01-22,22786.18,23072.92,22351.5,22715.93,0.0
1029,2023-01-23,22715.93,23146.91,22626.4,22921.15,0.0
1030,2023-01-24,22921.15,23159.76,22476.73,22636.59,0.0
1031,2023-01-25,22636.59,23775.7,22342.31,23058.18,0.0
1032,2023-01-26,23058.18,23267.43,22875.86,23010.24,0.0
1033,2023-01-27,23010.24,23486.27,22609.18,23083.7,0.0
1034,2023-01-28,23083.7,23185.62,22903.26,23030.98,0.0
1035,2023-01-29,23030.98,23944.77,22979.35,23745.9,0.0
1036,2023-01-30,23745.9,23795.11,22600.93,22833.52,0.0
1037,2023-01-31,22833.52,23239.92,22728.15,23127.59,0.0
1038,2023-02-01,23127.59,23803.64,22818.24,23735.49,0.0
1039,2023-02-02,23735.49,24208.67,23445.84,23495.92,0.0
1040,2023-02-03,23495.92,23699.83,23240.83,23433.77,0.0
1041,2023-02-04,23433.77,23579.59,23275.96,23329.43,0.0
1042,2023-02-05,23329.43,23423.48,22818.91,22936.67,0.0
1043,2023-02-06,22936.67,23138.5,22676.88,22763.54,0.0
1044,2023-02-07,22763.54,23325.84,22751.26,23248.34,0.0
1045,2023-02-08,23248.34,23398.42,22714.92,22962.69,0.0
1046,2023-02-09,22962.69,22996.73,21721.16,21801.32,0.0
1047,2023-02-10,21801.32,21939.35,21503.84,21633.99,0.0
1048,2023-02-11,21633.99,21898.64,21609.33,21865.86,0.0
1049,2023-02-12,21865.86,22083.18,21657.68,21789.4,0.0
1050,2023-02-13,21789.4,21896.11,21437.26,21789.57,0.0
1051,2023-02-14,21789.57,22303.63,21596.5,22208.64,0.0
1052,2023-02-15,22208.64,24337.39,22061.82,24330.52,0.0
1053,2023-02-16,24330.52,25238.25,23518.58,23518.58,0.0
1054,2023-02-17,23518.58,24984.0,23395.0,24580.33,0.0
1055,2023-02-18,24580.33,24841.11,24463.41,24638.11,0.0
1056,2023-02-19,24638.11,25174.15,24277.15,24288.66,0.0
1057,2023-02-20,24288.66,25100.92,23871.73,24843.99,0.0
1058,2023-02-21,24843.99,25166.24,24172.09,24452.22,0.0
1059,2023-02-22,24452.22,24474.01,23599.36,24186.22,0.0
1060,2023-02-23,24186.22,24589.12,23641.73,23941.16,0.0
1061,2023-02-24,23941.16,24124.65,22915.0,23187.94,0.0
1062,2023-02-25,23187.94,23216.67,22810.02,23160.36,0.0
1063,2023-02-26,23160.36,23672.04,23068.04,23559.42,0.0
1064,2023-02-27,23559.42,23875.35,23171.72,23491.26,0.0
1065,2023-02-28,23491.26,23592.81,23048.54,23140.66,0.0
1066,2023-03-01,23140.66,23945.12,23040.61,23632.76,0.0
1067,2023-03-02,23632.76,23783.99,23220.5,23467.12,0.0
1068,2023-03-03,23467.12,23473.88,22134.34,22358.59,0.0
1069,2023-03-04,22358.59,22401.82,22169.42,22348.98,0.0
1070,2023-03-05,22348.98,22625.24,22267.49,22430.35,0.0
1071,2023-03-06,22430.35,22579.82,22321.71,22408.66,0.0
1072,2023-03-07,22408.66,22537.24,21975.53,22199.24,0.0
1073,2023-03-08,22199.24,22267.7,21676.72,21701.18,0.0
1074,2023-03-09,21701.18,21815.63,20118.97,20367.0,0.0
1075,2023-03-10,20367.0,20363.04,19600.26,20225.04,0.0
1076,2023-03-11,20225.04,20894.94,19907.28,20619.27,0.0
1077,2023-03-12,20619.27,22223.05,20460.04,22201.04,0.0
1078,2023-03-13,22201.04,24593.4,21908.45,24214.5,0.0
1079,2023-03-14,24214.5,26511.5,24106.32,24756.33,0.0
1080,2023-03-15,24756.33,25277.65,23988.47,24372.58,0.0
1081,2023-03-16,24372.58,25205.67,24229.31,25050.93,0.0
1082,2023-03-17,25050.93,27809.04,24953.38,27459.81,0.0
1083,2023-03-18,27459.81,27730.83,26756.02,26980.18,0.0
1084,2023-03-19,26980.18,28452.29,26909.38,28054.23,0.0
1085,2023-03-20,28054.23,28542.5,27242.3,27819.16,0.0
1086,2023-03-21,27819.16,28486.49,27454.12,28199.67,0.0
1087,2023-03-22,28199.67,28839.89,26720.76,27322.58,0.0
1088,2023-03-23,27322.58,28764.51,27203.05,28347.98,0.0
1089,2023-03-24,28347.98,28418.57,27055.84,27491.12,0.0
1090,2023-03-25,27491.12,27785.32,27221.18,27493.59,0.0
1091,2023-03-26,27493.59,28180.28,27449.02,27998.45,0.0
1092,2023-03-27,27998.45,28044.76,26605.66,27142.43,0.0
1093,2023-03-28,27142.43,27460.45,26676.41,27273.08,0.0
1094,2023-03-29,27273.08,28629.17,27263.58,28356.27,0.0
1095,2023-03-30,28356.27,29162.45,27742.89,28037.23,0.0
1096,2023-03-31,28037.23,28648.11,27585.64,28475.2,0.0
1097,2023-04-01,28475.2,28808.29,28288.79,28470.23,0.0
1098,2023-04-02,28470.23,28540.93,27905.46,28187.17,0.0
1099,2023-04-03,28187.17,28485.99,27311.29,27813.89,0.0
1100,2023-04-04,27813.89,28437.64,27688.16,28178.82,0.0
1101,2023-04-05,28178.82,28734.11,27861.09,28179.18,0.0
1102,2023-04-06,28179.18,28196.33,27780.09,28052.23,0.0
1103,2023-04-07,28052.23,28116.25,27803.84,27931.47,0.0
1104,2023-04-08,27931.47,28170.98,27886.98,27963.91,0.0
1105,2023-04-09,27963.91,28533.38,27834.94,28340.5,0.0
1106,2023-04-10,28340.5,29773.13,28182.54,29656.21,0.0
1107,2023-04-11,29656.21,30502.74,29616.55,30236.6,0.0
1108,2023-04-12,30236.6,30456.77,29748.96,29907.6,0.0
1109,2023-04-13,29907.6,30550.83,29888.38,30408.39,0.0
1110,2023-04-14,30408.39,31001.4,30049.81,30495.46,0.0
1111,2023-04-15,30495.46,30599.61,30243.76,30328.06,0.0
1112,2023-04-16,30328.06,30563.95,30163.56,30328.04,0.0
1113,2023-04-17,30328.04,30333.67,29281.89,29448.96,0.0
1114,2023-04-18,29448.96,30464.99,29162.54,30394.2,0.0
1115,2023-04-19,30394.2,30419.07,28682.71,28818.61,0.0
1116,2023-04-20,28818.61,29071.31,28018.52,28243.09,0.0
1117,2023-04-21,28243.09,28357.98,27180.52,27253.93,0.0
1118,2023-04-22,27253.93,27879.67,27162.28,27819.21,0.0
1119,2023-04-23,27819.21,27812.09,27372.39,27594.49,0.0
1120,2023-04-24,27594.49,27976.44,27040.15,27513.53,0.0
1121,2023-04-25,27513.53,28388.41,27207.78,28302.21,0.0
1122,2023-04-26,28302.21,29980.18,27343.38,28427.04,0.0
1123,2023-04-27,28427.04,29891.34,28398.79,29484.36,0.0
1124,2023-04-28,29484.36,29584.04,28956.88,29335.82,0.0
1125,2023-04-29,29335.82,29452.32,29103.55,29248.18,0.0
1126,2023-04-30,29248.18,29949.03,29117.42,29241.07,0.0
1127,2023-05-01,29241.07,29331.03,27671.42,28078.13,0.0
1128,2023-05-02,28078.13,28879.77,27917.39,28682.2,0.0
1129,2023-05-03,28682.2,29265.3,28180.79,29035.88,0.0
1130,2023-05-04,29035.88,29367.43,28706.92,28854.11,0.0
1131,2023-05-05,28854.11,29685.41,28839.31,29541.88,0.0
1132,2023-05-06,29541.88,29816.11,28489.18,28906.83,0.0
1133,2023-05-07,28906.83,29154.91,28455.66,28473.27,0.0
1134,2023-05-08,28473.27,28663.9,27306.09,27692.53,0.0
1135,2023-05-09,27692.53,27827.49,27371.71,27648.65,0.0
1136,2023-05-10,27648.65,28320.4,26877.38,27621.0,0.0
1137,2023-05-11,27621.0,27624.88,26780.54,26988.78,0.0
1138,2023-05-12,26988.78,27052.62,25880.38,26809.92,0.0
1139,2023-05-13,26809.92,27029.11,26706.65,26789.24,0.0
1140,2023-05-14,26789.24,27151.6,26663.93,26931.49,0.0
1141,2023-05-15,26931.49,27656.41,26760.77,27168.57,0.0
1142,2023-05-16,27168.57,27295.84,26890.58,27037.34,0.0
1143,2023-05-17,27037.34,27460.61,26580.52,27405.89,0.0
1144,2023-05-18,27405.89,27458.67,26394.57,26819.25,0.0
1145,2023-05-19,26819.25,27138.56,26714.47,26891.64,0.0
1146,2023-05-20,26891.64,27153.09,26841.61,27114.31,0.0
1147,2023-05-21,27114.31,27271.42,26705.0,26751.33,0.0
1148,2023-05-22,26751.33,27042.34,26555.84,26855.36,0.0
1149,2023-05-23,26855.36,27433.0,26813.45,27224.61,0.0
1150,2023-05-24,27224.61,27224.5,26101.41,26323.2,0.0
1151,2023-05-25,26323.2,26586.88,25902.99,26478.53,0.0
1152,2023-05-26,26478.53,26928.37,26339.7,26716.43,0.0
1153,2023-05-27,26716.43,26891.74,26578.46,26870.0,0.0
1154,2023-05-28,26870.0,28193.0,26808.46,28071.02,0.0
1155,2023-05-29,28071.02,28424.46,27555.45,27746.91,0.0
1156,2023-05-30,27746.91,28041.61,27591.44,27703.08,0.0
1157,2023-05-31,27703.08,27820.21,26872.53,27221.04,0.0
1158,2023-06-01,27221.04,27342.98,26660.38,26827.21,0.0
1159,2023-06-02,26827.21,27301.75,26546.08,27250.85,0.0
1160,2023-06-03,27250.85,27320.74,26955.68,27076.8,0.0
1161,2023-06-04,27076.8,27406.8,26963.95,27123.52,0.0
1162,2023-06-05,27123.52,27136.02,25422.46,25740.25,0.0
1163,2023-06-06,25740.25,27335.95,25447.91,27239.82,0.0
1164,2023-06-07,27239.82,27387.25,26153.36,26347.21,0.0
1165,2023-06-08,26347.21,26789.16,26241.53,26509.16,0.0
1166,2023-06-09,26509.16,26765.79,26347.35,26483.41,0.0
1167,2023-06-10,26483.41,26531.48,25497.17,25856.55,0.0
1168,2023-06-11,25856.55,26200.69,25665.33,25939.01,0.0
1169,2023-06-12,25939.01,26079.66,25669.45,25905.91,0.0
1170,2023-06-13,25905.91,26389.14,25725.23,25932.11,0.0
1171,2023-06-14,25932.11,26042.0,24906.69,25125.17,0.0
1172,2023-06-15,25125.17,25737.17,24809.45,25571.5,0.0
1173,2023-06-16,25571.5,26454.52,25244.74,26331.3,0.0
1174,2023-06-17,26331.3,26750.67,26171.79,26506.78,0.0
1175,2023-06-18,26506.78,26674.42,26324.63,26338.23,0.0
1176,2023-06-19,26338.23,26977.61,26310.05,26839.89,0.0
1177,2023-06-20,26839.89,28388.99,26662.03,28317.72,0.0
1178,2023-06-21,28317.72,30730.66,28282.3,30004.47,0.0
1179,2023-06-22,30004.47,30498.4,29667.61,29887.66,0.0
1180,2023-06-23,29887.66,31401.91,29841.18,30711.81,0.0
1181,2023-06-24,30711.81,30813.36,30313.34,30547.59,0.0
1182,2023-06-25,30547.59,31040.83,30329.5,30478.62,0.0
1183,2023-06-26,30478.62,30638.5,29946.05,30273.09,0.0
1184,2023-06-27,30273.09,31015.82,30235.13,30696.69,0.0
1185,2023-06-28,30696.69,30704.05,29916.48,30076.97,0.0
1186,2023-06-29,30076.97,30818.83,30051.86,30445.24,0.0
1187,2023-06-30,30445.24,31255.15,29617.65,30467.86,0.0
1188,2023-07-01,30467.86,30645.5,30323.5,30589.61,0.0
1189,2023-07-02,30589.61,30765.97,30284.87,30614.76,0.0
1190,2023-07-03,30614.76,31375.13,30581.86,31159.9,0.0
1191,2023-07-04,31159.9,31327.36,30657.86,30771.13,0.0
1192,2023-07-05,30771.13,30868.95,30226.67,30500.14,0.0
1193,2023-07-06,30500.14,31460.92,29896.74,29905.69,0.0
1194,2023-07-07,29905.69,30441.1,29779.29,30350.04,0.0
1195,2023-07-08,30350.04,30379.52,30082.47,30292.35,0.0
1196,2023-07-09,30292.35,30427.34,30077.18,30167.69,0.0
1197,2023-07-10,30167.69,31027.18,29977.55,30420.45,0.0
1198,2023-07-11,30420.45,30778.54,30358.45,30623.78,0.0
1199,2023-07-12,30623.78,30944.29,30231.99,30381.91,0.0
1200,2023-07-13,30381.91,31821.9,30261.78,31471.42,0.0
1201,2023-07-14,31471.42,31599.58,29982.26,30330.76,0.0
1202,2023-07-15,30330.76,30404.63,30262.11,30301.33,0.0
1203,2023-07-16,30301.33,30439.59,30094.34,30250.32,0.0
1204,2023-07-17,30250.32,30337.26,29679.82,30148.54,0.0
1205,2023-07-18,30148.54,30235.75,29595.93,29864.97,0.0
1206,2023-07-19,29864.97,30188.07,29787.77,29917.86,0.0
1207,2023-07-20,29917.86,30409.82,29598.68,29807.57,0.0
1208,2023-07-21,29807.57,30051.39,29738.76,29907.99,0.0
1209,2023-07-22,29907.99,29995.0,29659.46,29792.02,0.0
1210,2023-07-23,29792.02,30322.21,29742.9,30083.31,0.0
1211,2023-07-24,30083.31,30097.23,28910.46,29176.99,0.0
1212,2023-07-25,29176.99,29358.74,29050.99,29224.57,0.0
1213,2023-07-26,29224.57,29671.59,29114.61,29353.62,0.0
1214,2023-07-27,29353.62,29565.84,29091.26,29216.97,0.0
1215,2023-07-28,29216.97,29524.29,29120.4,29316.46,0.0
1216,2023-07-29,29316.46,29400.12,29259.71,29357.86,0.0
1217,2023-07-30,29357.86,29444.1,29062.46,29280.2,0.0
1218,2023-07-31,29280.2,29492.7,29131.81,29230.84,0.0
1219,2023-08-01,29230.84,29696.64,28653.28,29696.64,0.0
1220,2023-08-02,29696.64,30010.47,28941.35,29164.11,0.0
1221,2023-08-03,29164.11,29379.23,28949.94,29175.09,0.0
1222,2023-08-04,29142.95,29300.63,28887.54,29076.74,0.0
1223,2023-08-05,29076.74,29105.88,28956.88,29048.06,0.0
1224,2023-08-06,29048.06,29160.17,28964.77,29041.01,0.0
1225,2023-08-07,29041.01,29244.47,28687.35,29180.11,0.0
1226,2023-08-08,29180.11,30167.91,29110.84,29767.01,0.0
1227,2023-08-09,29767.01,30117.95,29359.25,29563.88,0.0
1228,2023-08-10,29563.88,29686.57,29348.93,29423.52,0.0
1229,2023-08-11,29423.52,29517.68,29265.72,29399.23,0.0
1230,2023-08-12,29399.23,29468.29,29351.79,29415.98,0.0
1231,2023-08-13,29415.98,29441.79,29266.78,29279.97,0.0
1232,2023-08-14,29279.97,29660.11,29097.32,29406.75,0.0
1233,2023-08-15,29406.75,29441.34,29084.5,29171.07,0.0
1234,2023-08-16,29171.07,29222.89,28699.83,28700.76,0.0
1235,2023-08-17,28700.76,28749.37,26011.45,26634.79,0.0
1236,2023-08-18,26634.79,26803.2,25670.84,26049.95,0.0
1237,2023-08-19,26049.95,26244.73,25803.25,26096.71,0.0
1238,2023-08-20,26096.71,26258.71,26000.13,26190.57,0.0
1239,2023-08-21,26190.57,26227.86,25850.87,26125.09,0.0
1240,2023-08-22,26125.09,26136.76,25532.43,26042.06,0.0
1241,2023-08-23,26042.06,26798.88,25803.64,26429.27,0.0
1242,2023-08-24,26429.27,26553.15,25920.32,26165.75,0.0
1243,2023-08-25,26165.75,26227.51,25771.22,26048.7,0.0
1244,2023-08-26,26048.7,26103.58,25979.06,26008.81,0.0
1245,2023-08-27,26008.81,26168.61,25962.0,26090.58,0.0
1246,2023-08-28,26090.58,26200.75,25866.8,26102.02,0.0
1247,2023-08-29,26102.02,28084.6,25910.72,27721.99,0.0
1248,2023-08-30,27721.99,27755.52,27067.05,27303.03,0.0
1249,2023-08-31,27303.03,27472.31,25729.18,25932.23,0.0
1250,2023-09-01,25932.23,26131.57,25353.4,25796.44,0.0
1251,2023-09-02,25796.44,25977.75,25750.66,25868.92,0.0
1252,2023-09-03,25868.92,26077.83,25809.47,25969.92,0.0
1253,2023-09-04,25969.92,26068.91,25655.78,25817.57,0.0
1254,2023-09-05,25817.57,25851.04,25583.75,25783.46,0.0
1255,2023-09-06,25783.46,25945.3,25415.7,25747.82,0.0
1256,2023-09-07,25747.82,26414.86,25611.45,26260.65,0.0
1257,2023-09-08,26260.65,26424.58,25673.77,25907.17,0.0
1258,2023-09-09,25907.17,25914.75,25809.49,25898.41,0.0
1259,2023-09-10,25898.41,25996.48,25640.13,25833.88,0.0
1260,2023-09-11,25833.88,25879.55,24921.36,25153.57,0.0
1261,2023-09-12,25153.57,26453.75,25129.68,25842.31,0.0
1262,2023-09-13,25842.31,26379.44,25778.29,26226.33,0.0
1263,2023-09-14,26226.33,26759.36,26156.01,26530.88,0.0
1264,2023-09-15,26530.88,26835.21,26230.66,26604.71,0.0
1265,2023-09-16,26604.71,26754.62,26470.04,26570.35,0.0
1266,2023-09-17,26570.35,26614.69,26419.29,26532.98,0.0
1267,2023-09-18,26532.98,27418.03,26418.69,26767.25,0.0
1268,2023-09-19,26767.25,27489.84,26678.68,27215.07,0.0
1269,2023-09-20,27215.07,27384.59,26845.77,27125.97,0.0
1270,2023-09-21,27125.97,27156.71,26381.36,26563.77,0.0
1271,2023-09-22,26563.77,26730.29,26494.98,26579.7,0.0
1272,2023-09-23,26579.7,26634.44,26517.51,26581.3,0.0
1273,2023-09-24,26581.3,26727.2,26207.63,26249.12,0.0
1274,2023-09-25,26249.12,26418.48,26016.41,26296.54,0.0
1275,2023-09-26,26296.54,26388.06,26090.6,26208.22,0.0
1276,2023-09-27,26208.22,26820.68,26100.04,26359.31,0.0
1277,2023-09-28,26359.31,27264.62,26324.46,27026.57,0.0
1278,2023-09-29,27026.57,27229.87,26734.42,26909.0,0.0
1279,2023-09-30,26909.0,27088.44,26887.0,26963.5,0.0
1280,2023-10-01,26963.5,28047.37,26958.45,27995.23,0.0
1281,2023-10-02,27995.23,28556.16,27356.7,27505.52,0.0
1282,2023-10-03,27505.52,27670.04,27233.72,27431.98,0.0
1283,2023-10-04,27431.98,27826.46,27243.31,27788.38,0.0
1284,2023-10-05,27788.38,28100.5,27377.8,27414.98,0.0
1285,2023-10-06,27414.98,28239.64,27213.73,27946.59,0.0
1286,2023-10-07,27946.59,28035.49,27877.68,27973.73,0.0
1287,2023-10-08,27973.73,28104.83,27740.72,27933.28,0.0
1288,2023-10-09,27933.28,27996.43,27296.72,27595.34,0.0
1289,2023-10-10,27595.34,27730.59,27299.89,27394.15,0.0
1290,2023-10-11,27394.15,27471.46,26540.11,26871.6,0.0
1291,2023-10-12,26871.6,26918.91,26546.42,26753.26,0.0
1292,2023-10-13,26753.26,27089.11,26679.5,26865.27,0.0
1293,2023-10-14,26865.27,26982.17,26811.17,26853.36,0.0
1294,2023-10-15,26853.36,27291.55,26814.4,27180.07,0.0
1295,2023-10-16,27180.07,29812.27,27129.48,28519.12,0.0
1296,2023-10-17,28519.12,28630.63,28101.21,28408.42,0.0
1297,2023-10-18,28408.42,28852.04,28183.14,28327.26,0.0
1298,2023-10-19,28327.26,28885.03,28144.4,28734.17,0.0
1299,2023-10-20,28734.17,30130.43,28596.81,29686.37,0.0
1300,2023-10-21,29686.37,30252.61,29484.54,29925.92,0.0
1301,2023-10-22,29925.92,30201.62,29713.9,30003.08,0.0
1302,2023-10-23,30003.08,34167.62,29900.67,33080.79,0.0
1303,2023-10-24,33080.79,35109.88,32882.84,33919.76,0.0
1304,2023-10-25,33919.76,35130.15,33720.17,34502.18,0.0
1305,2023-10-26,34502.18,34835.57,33755.73,34159.86,0.0
1306,2023-10-27,34159.86,34243.29,33419.99,33906.04,0.0
1307,2023-10-28,33906.04,34383.77,33878.5,34088.21,0.0
1308,2023-10-29,34088.21,34753.0,33947.99,34536.24,0.0
1309,2023-10-30,34536.24,34842.9,34121.54,34494.39,0.0
1310,2023-10-31,34494.39,34720.39,34093.71,34658.7,0.0
1311,2023-11-01,34658.7,35535.78,34157.36,35440.05,0.0
1312,2023-11-02,35440.05,35923.27,34393.45,34943.5,0.0
1313,2023-11-03,34943.5,34936.63,34123.43,34729.14,0.0
1314,2023-11-04,34729.14,35241.94,34610.52,35086.5,0.0
1315,2023-11-05,35086.5,35336.7,34586.25,35040.21,0.0
1316,2023-11-06,35040.21,35287.66,34764.1,35050.73,0.0
1317,2023-11-07,35050.73,35910.32,34539.93,35415.14,0.0
1318,2023-11-08,35415.14,36081.13,35148.7,35639.57,0.0
1319,2023-11-09,35639.57,37956.97,35579.5,36699.79,0.0
1320,2023-11-10,36699.79,37507.21,36370.83,37321.92,0.0
1321,2023-11-11,37321.92,37419.93,36792.5,37145.56,0.0
1322,2023-11-12,37145.56,37235.41,36789.8,37086.02,0.0
1323,2023-11-13,37086.02,37402.76,36404.98,36480.34,0.0
1324,2023-11-14,36480.34,36751.0,35003.13,35559.04,0.0
1325,2023-11-15,35559.04,37964.98,35388.5,37881.18,0.0
1326,2023-11-16,37881.18,37925.54,35544.27,36163.07,0.0
1327,2023-11-17,36163.07,36705.2,35903.14,36627.69,0.0
1328,2023-11-18,36627.69,36850.54,36233.34,36592.45,0.0
1329,2023-11-19,36592.45,37521.78,36421.81,37408.6,0.0
1330,2023-11-20,37408.6,37771.88,36904.49,37477.82,0.0
1331,2023-11-21,37477.82,37650.17,35754.95,35754.95,0.0
1332,2023-11-22,35754.95,37858.96,35738.59,37424.16,0.0
1333,2023-11-23,37424.16,37648.36,36930.11,37302.53,0.0
1334,2023-11-24,37302.53,38420.06,37267.57,37745.92,0.0
1335,2023-11-25,37745.92,37906.31,37624.46,37807.5,0.0
1336,2023-11-26,37807.5,37834.43,37174.87,37461.39,0.0
1337,2023-11-27,37461.39,37567.25,36750.01,37240.82,0.0
1338,2023-11-28,37240.82,38396.79,36893.59,37838.63,0.0
1339,2023-11-29,37838.63,38372.74,37613.14,37863.42,0.0
1340,2023-11-30,37863.42,38148.75,37532.63,37725.64,0.0
1341,2023-12-01,37725.64,38978.96,37629.92,38705.27,0.0
1342,2023-12-02,38705.27,39696.7,38664.28,39476.48,0.0
1343,2023-12-03,39476.48,40182.67,39298.52,39986.91,0.0
1344,2023-12-04,39986.91,42381.75,40010.8,41986.12,0.0
1345,2023-12-05,41986.12,44419.78,41425.52,44079.7,0.0
1346,2023-12-06,44079.7,44277.15,43460.26,43764.03,0.0
1347,2023-12-07,43764.03,44043.03,42900.88,43285.98,0.0
1348,2023-12-08,43285.98,44733.0,43121.26,44192.94,0.0
1349,2023-12-09,44192.94,44367.13,43626.1,43717.63,0.0
1350,2023-12-10,43717.63,44037.41,43595.61,43789.84,0.0
1351,2023-12-11,43789.84,43805.19,40226.09,41235.81,0.0
1352,2023-12-12,41235.81,42072.19,40669.48,41467.7,0.0
1353,2023-12-13,41467.7,43448.11,40666.02,42886.77,0.0
1354,2023-12-14,42886.77,43393.06,41929.86,43029.39,0.0
1355,2023-12-15,43029.39,43081.08,41693.64,41929.45,0.0
1356,2023-12-16,41929.45,42669.65,41725.25,42241.65,0.0
1357,2023-12-17,42241.65,42354.89,41262.5,41347.29,0.0
1358,2023-12-18,41347.29,42731.1,40525.91,42650.01,0.0
1359,2023-12-19,42650.01,43349.34,41820.56,42262.11,0.0
1360,2023-12-20,42262.11,44285.55,42203.02,43669.89,0.0
1361,2023-12-21,43669.89,44245.0,43303.05,43874.16,0.0
1362,2023-12-22,43874.16,44409.26,43434.9,44007.87,0.0
1363,2023-12-23,44007.87,44018.8,43347.21,43729.68,0.0
1364,2023-12-24,43729.68,43959.5,42799.11,43029.02,0.0
1365,2023-12-25,43029.02,43800.32,42770.85,43590.34,0.0
1366,2023-12-26,43590.34,43603.84,41791.71,42512.77,0.0
1367,2023-12-27,42512.77,43700.95,42151.67,43473.7,0.0
1368,2023-12-28,43473.7,43808.51,42316.19,42582.12,0.0
1369,2023-12-29,42582.12,43125.55,41545.0,42067.73,0.0
1370,2023-12-30,42067.73,42590.85,41542.35,42144.52,0.0
1371,2023-12-31,42144.52,42842.89,41992.16,42273.03,0.0
